2026-05-15 15:46:03,995 [Worker-0: Loading available Gradle versions] INFO  o.e.b.c.i.u.g.PublishedGradleVersions - Gradle version information cache is up-to-date. Trying to read.
2026-05-15 15:49:48,254 [Worker-0: Loading available Gradle versions] INFO  o.e.b.c.i.u.g.PublishedGradleVersions - Gradle version information cache is up-to-date. Trying to read.
2026-05-15 15:56:33,024 [Worker-0: Loading available Gradle versions] INFO  o.e.b.c.i.u.g.PublishedGradleVersions - Gradle version information cache is up-to-date. Trying to read.
2026-05-15 16:04:54,124 [Worker-6: Loading available Gradle versions] INFO  o.e.b.c.i.u.g.PublishedGradleVersions - Gradle version information cache is up-to-date. Trying to read.
2026-05-15 16:05:28,814 [Worker-12: Updating Maven Dependencies] INFO  o.e.m.c.i.l.LifecycleMappingFactory - Using org.maven.ide.eclipse.wtp.WarLifecycleMapping lifecycle mapping for MavenProject: kr.or:proj3:1.0.0-BUILD-SNAPSHOT @ D:\proj3\proj03\pom.xml.
2026-05-15 16:05:29,777 [Worker-4: Building workspace] INFO  o.e.m.c.i.l.LifecycleMappingFactory - Using org.maven.ide.eclipse.wtp.WarLifecycleMapping lifecycle mapping for MavenProject: kr.or:proj3:1.0.0-BUILD-SNAPSHOT @ D:\proj3\proj03\pom.xml.
2026-05-15 16:05:29,888 [Worker-4: Building workspace] WARN  o.e.m.c.i.embedder.EclipseLogger - Failed to retrieve plugin descriptor for org.apache.maven.plugins:maven-eclipse-plugin:2.9: Plugin org.apache.maven.plugins:maven-eclipse-plugin:2.9 or one of its dependencies could not be resolved: Failed to read artifact descriptor for org.apache.maven.plugins:maven-eclipse-plugin:jar:2.9
2026-05-15 16:05:29,892 [Worker-4: Building workspace] WARN  o.e.m.c.i.embedder.EclipseLogger - Failed to retrieve plugin descriptor for org.codehaus.mojo:exec-maven-plugin:1.2.1: Plugin org.codehaus.mojo:exec-maven-plugin:1.2.1 or one of its dependencies could not be resolved: Failed to read artifact descriptor for org.codehaus.mojo:exec-maven-plugin:jar:1.2.1
2026-05-15 16:05:29,925 [Worker-4: Building workspace] WARN  o.e.m.c.i.embedder.EclipseLogger - Failed to retrieve plugin descriptor for org.apache.maven.plugins:maven-eclipse-plugin:2.9: Plugin org.apache.maven.plugins:maven-eclipse-plugin:2.9 or one of its dependencies could not be resolved: Failed to read artifact descriptor for org.apache.maven.plugins:maven-eclipse-plugin:jar:2.9
2026-05-15 16:05:29,927 [Worker-4: Building workspace] WARN  o.e.m.c.i.embedder.EclipseLogger - Failed to retrieve plugin descriptor for org.codehaus.mojo:exec-maven-plugin:1.2.1: Plugin org.codehaus.mojo:exec-maven-plugin:1.2.1 or one of its dependencies could not be resolved: Failed to read artifact descriptor for org.codehaus.mojo:exec-maven-plugin:jar:1.2.1
2026-05-15 16:05:31,364 [Worker-4: Building workspace] WARN  o.e.m.c.i.embedder.EclipseLogger - Using platform encoding (MS949 actually) to copy filtered resources, i.e. build is platform dependent!
2026-05-15 16:05:31,372 [Worker-4: Building workspace] INFO  o.e.m.c.i.embedder.EclipseLogger - Copying 1 resource
2026-05-15 16:05:31,385 [Worker-4: Building workspace] WARN  o.e.m.c.i.embedder.EclipseLogger - Using platform encoding (MS949 actually) to copy filtered resources, i.e. build is platform dependent!
2026-05-15 16:05:31,386 [Worker-4: Building workspace] INFO  o.e.m.c.i.embedder.EclipseLogger - Copying 1 resource
2026-05-15 16:05:35,410 [Worker-4: Building] WARN  o.e.m.c.i.embedder.EclipseLogger - Using platform encoding (MS949 actually) to copy filtered resources, i.e. build is platform dependent!
2026-05-15 16:05:35,414 [Worker-4: Building] INFO  o.e.m.c.i.embedder.EclipseLogger - Copying 1 resource
2026-05-15 16:05:35,513 [Worker-4: Building] WARN  o.e.m.c.i.embedder.EclipseLogger - Using platform encoding (MS949 actually) to copy filtered resources, i.e. build is platform dependent!
2026-05-15 16:05:35,514 [Worker-4: Building] INFO  o.e.m.c.i.embedder.EclipseLogger - Copying 1 resource
2026-05-15 16:05:35,515 [Worker-1: Updating Maven Dependencies] INFO  o.e.m.c.i.l.LifecycleMappingFactory - Using org.maven.ide.eclipse.wtp.WarLifecycleMapping lifecycle mapping for MavenProject: kr.or:proj3:1.0.0-BUILD-SNAPSHOT @ D:\proj3\proj03\pom.xml.
2026-05-15 16:05:35,568 [Worker-1: Updating Maven Dependencies] WARN  o.e.m.c.i.embedder.EclipseLogger - Failed to retrieve plugin descriptor for org.apache.maven.plugins:maven-eclipse-plugin:2.9: Plugin org.apache.maven.plugins:maven-eclipse-plugin:2.9 or one of its dependencies could not be resolved: Failed to read artifact descriptor for org.apache.maven.plugins:maven-eclipse-plugin:jar:2.9
2026-05-15 16:05:35,570 [Worker-1: Updating Maven Dependencies] WARN  o.e.m.c.i.embedder.EclipseLogger - Failed to retrieve plugin descriptor for org.codehaus.mojo:exec-maven-plugin:1.2.1: Plugin org.codehaus.mojo:exec-maven-plugin:1.2.1 or one of its dependencies could not be resolved: Failed to read artifact descriptor for org.codehaus.mojo:exec-maven-plugin:jar:1.2.1
2026-05-15 16:05:35,571 [Worker-1: Updating Maven Dependencies] WARN  o.e.m.c.i.embedder.EclipseLogger - Failed to retrieve plugin descriptor for org.apache.maven.plugins:maven-eclipse-plugin:2.9: Plugin org.apache.maven.plugins:maven-eclipse-plugin:2.9 or one of its dependencies could not be resolved: Failed to read artifact descriptor for org.apache.maven.plugins:maven-eclipse-plugin:jar:2.9
2026-05-15 16:05:35,573 [Worker-1: Updating Maven Dependencies] WARN  o.e.m.c.i.embedder.EclipseLogger - Failed to retrieve plugin descriptor for org.codehaus.mojo:exec-maven-plugin:1.2.1: Plugin org.codehaus.mojo:exec-maven-plugin:1.2.1 or one of its dependencies could not be resolved: Failed to read artifact descriptor for org.codehaus.mojo:exec-maven-plugin:jar:1.2.1
2026-05-15 16:05:36,678 [Worker-9: Building] WARN  o.e.m.c.i.embedder.EclipseLogger - Using platform encoding (MS949 actually) to copy filtered resources, i.e. build is platform dependent!
2026-05-15 16:05:36,679 [Worker-9: Building] INFO  o.e.m.c.i.embedder.EclipseLogger - Copying 0 resource
2026-05-15 16:05:36,680 [Worker-9: Building] WARN  o.e.m.c.i.embedder.EclipseLogger - Using platform encoding (MS949 actually) to copy filtered resources, i.e. build is platform dependent!
2026-05-15 16:05:36,681 [Worker-9: Building] INFO  o.e.m.c.i.embedder.EclipseLogger - Copying 0 resource
2026-05-15 16:06:50,476 [Worker-1: Building] WARN  o.e.m.c.i.embedder.EclipseLogger - Using platform encoding (MS949 actually) to copy filtered resources, i.e. build is platform dependent!
2026-05-15 16:06:50,477 [Worker-1: Building] INFO  o.e.m.c.i.embedder.EclipseLogger - Copying 1 resource
2026-05-15 16:06:50,480 [Worker-1: Building] WARN  o.e.m.c.i.embedder.EclipseLogger - Using platform encoding (MS949 actually) to copy filtered resources, i.e. build is platform dependent!
2026-05-15 16:06:50,481 [Worker-1: Building] INFO  o.e.m.c.i.embedder.EclipseLogger - Copying 1 resource
2026-05-15 16:07:11,807 [Worker-3: Building] WARN  o.e.m.c.i.embedder.EclipseLogger - Using platform encoding (MS949 actually) to copy filtered resources, i.e. build is platform dependent!
2026-05-15 16:07:11,809 [Worker-3: Building] INFO  o.e.m.c.i.embedder.EclipseLogger - Copying 1 resource
2026-05-15 16:07:11,812 [Worker-3: Building] WARN  o.e.m.c.i.embedder.EclipseLogger - Using platform encoding (MS949 actually) to copy filtered resources, i.e. build is platform dependent!
2026-05-15 16:07:11,813 [Worker-3: Building] INFO  o.e.m.c.i.embedder.EclipseLogger - Copying 1 resource
2026-05-15 16:07:25,783 [Worker-4: Building Project proj03] WARN  o.e.m.c.i.embedder.EclipseLogger - Using platform encoding (MS949 actually) to copy filtered resources, i.e. build is platform dependent!
2026-05-15 16:07:25,784 [Worker-4: Building Project proj03] INFO  o.e.m.c.i.embedder.EclipseLogger - Copying 1 resource
2026-05-15 16:07:25,786 [Worker-4: Building Project proj03] WARN  o.e.m.c.i.embedder.EclipseLogger - Using platform encoding (MS949 actually) to copy filtered resources, i.e. build is platform dependent!
2026-05-15 16:07:25,787 [Worker-4: Building Project proj03] INFO  o.e.m.c.i.embedder.EclipseLogger - Copying 1 resource
2026-05-15 16:09:09,613 [Worker-12: Building] WARN  o.e.m.c.i.embedder.EclipseLogger - Using platform encoding (MS949 actually) to copy filtered resources, i.e. build is platform dependent!
2026-05-15 16:09:09,615 [Worker-12: Building] INFO  o.e.m.c.i.embedder.EclipseLogger - Copying 0 resource
2026-05-15 16:09:09,617 [Worker-12: Building] WARN  o.e.m.c.i.embedder.EclipseLogger - Using platform encoding (MS949 actually) to copy filtered resources, i.e. build is platform dependent!
2026-05-15 16:09:09,618 [Worker-12: Building] INFO  o.e.m.c.i.embedder.EclipseLogger - Copying 0 resource
2026-05-15 16:15:09,332 [Worker-4: Loading available Gradle versions] INFO  o.e.b.c.i.u.g.PublishedGradleVersions - Gradle version information cache is up-to-date. Trying to read.
2026-05-15 16:15:18,575 [Worker-14: Building] WARN  o.e.m.c.i.embedder.EclipseLogger - Using platform encoding (MS949 actually) to copy filtered resources, i.e. build is platform dependent!
2026-05-15 16:15:18,580 [Worker-14: Building] INFO  o.e.m.c.i.embedder.EclipseLogger - Copying 1 resource
2026-05-15 16:15:18,586 [Worker-14: Building] WARN  o.e.m.c.i.embedder.EclipseLogger - Using platform encoding (MS949 actually) to copy filtered resources, i.e. build is platform dependent!
2026-05-15 16:15:18,588 [Worker-14: Building] INFO  o.e.m.c.i.embedder.EclipseLogger - Copying 1 resource
2026-05-15 16:27:45,287 [Worker-21: Building] INFO  o.e.m.c.i.l.LifecycleMappingFactory - Using org.maven.ide.eclipse.wtp.WarLifecycleMapping lifecycle mapping for MavenProject: kr.or:proj3:1.0.0-BUILD-SNAPSHOT @ D:\proj3\proj03\pom.xml.
2026-05-15 16:27:45,367 [Worker-21: Building] WARN  o.e.m.c.i.embedder.EclipseLogger - Failed to retrieve plugin descriptor for org.apache.maven.plugins:maven-eclipse-plugin:2.9: Plugin org.apache.maven.plugins:maven-eclipse-plugin:2.9 or one of its dependencies could not be resolved: Failed to read artifact descriptor for org.apache.maven.plugins:maven-eclipse-plugin:jar:2.9
2026-05-15 16:27:45,369 [Worker-21: Building] WARN  o.e.m.c.i.embedder.EclipseLogger - Failed to retrieve plugin descriptor for org.codehaus.mojo:exec-maven-plugin:1.2.1: Plugin org.codehaus.mojo:exec-maven-plugin:1.2.1 or one of its dependencies could not be resolved: Failed to read artifact descriptor for org.codehaus.mojo:exec-maven-plugin:jar:1.2.1
2026-05-15 16:27:45,381 [Worker-21: Building] WARN  o.e.m.c.i.embedder.EclipseLogger - Failed to retrieve plugin descriptor for org.apache.maven.plugins:maven-eclipse-plugin:2.9: Plugin org.apache.maven.plugins:maven-eclipse-plugin:2.9 or one of its dependencies could not be resolved: Failed to read artifact descriptor for org.apache.maven.plugins:maven-eclipse-plugin:jar:2.9
2026-05-15 16:27:45,382 [Worker-21: Building] WARN  o.e.m.c.i.embedder.EclipseLogger - Failed to retrieve plugin descriptor for org.codehaus.mojo:exec-maven-plugin:1.2.1: Plugin org.codehaus.mojo:exec-maven-plugin:1.2.1 or one of its dependencies could not be resolved: Failed to read artifact descriptor for org.codehaus.mojo:exec-maven-plugin:jar:1.2.1
2026-05-15 16:27:45,893 [Worker-21: Building] WARN  o.e.m.c.i.embedder.EclipseLogger - Using platform encoding (MS949 actually) to copy filtered resources, i.e. build is platform dependent!
2026-05-15 16:27:45,895 [Worker-21: Building] INFO  o.e.m.c.i.embedder.EclipseLogger - Copying 0 resource
2026-05-15 16:27:45,897 [Worker-21: Building] WARN  o.e.m.c.i.embedder.EclipseLogger - Using platform encoding (MS949 actually) to copy filtered resources, i.e. build is platform dependent!
2026-05-15 16:27:45,898 [Worker-21: Building] INFO  o.e.m.c.i.embedder.EclipseLogger - Copying 0 resource
2026-05-15 16:27:45,899 [Worker-21: Building] INFO  o.e.m.w.i.f.ResourceFilteringBuildParticipant - Changed resources require a complete clean of filtered resources of proj03
2026-05-15 16:27:45,900 [Worker-21: Building] INFO  o.e.m.w.i.f.ResourceFilteringBuildParticipant - Executing resource filtering for proj03
2026-05-15 16:27:45,902 [Worker-21: Building] WARN  o.e.m.c.i.embedder.EclipseLogger - The POM for org.apache.maven.plugins:maven-eclipse-plugin:jar:2.9 is missing, no dependency information available
2026-05-15 16:27:45,903 [Worker-21: Building] WARN  o.e.m.c.i.embedder.EclipseLogger - Failed to retrieve plugin descriptor for org.apache.maven.plugins:maven-eclipse-plugin:2.9: Plugin org.apache.maven.plugins:maven-eclipse-plugin:2.9 or one of its dependencies could not be resolved: Cannot access central (https://repo.maven.apache.org/maven2) in offline mode and the artifact org.apache.maven.plugins:maven-eclipse-plugin:jar:2.9 has not been downloaded from it before.
2026-05-15 16:27:45,904 [Worker-21: Building] WARN  o.e.m.c.i.embedder.EclipseLogger - The POM for org.codehaus.mojo:exec-maven-plugin:jar:1.2.1 is missing, no dependency information available
2026-05-15 16:27:45,905 [Worker-21: Building] WARN  o.e.m.c.i.embedder.EclipseLogger - Failed to retrieve plugin descriptor for org.codehaus.mojo:exec-maven-plugin:1.2.1: Plugin org.codehaus.mojo:exec-maven-plugin:1.2.1 or one of its dependencies could not be resolved: Cannot access central (https://repo.maven.apache.org/maven2) in offline mode and the artifact org.codehaus.mojo:exec-maven-plugin:jar:1.2.1 has not been downloaded from it before.
2026-05-15 16:27:45,906 [Worker-21: Building] WARN  o.e.m.c.i.embedder.EclipseLogger - The POM for org.apache.maven.plugins:maven-eclipse-plugin:jar:2.9 is missing, no dependency information available
2026-05-15 16:27:45,906 [Worker-21: Building] WARN  o.e.m.c.i.embedder.EclipseLogger - Failed to retrieve plugin descriptor for org.apache.maven.plugins:maven-eclipse-plugin:2.9: Plugin org.apache.maven.plugins:maven-eclipse-plugin:2.9 or one of its dependencies could not be resolved: Cannot access central (https://repo.maven.apache.org/maven2) in offline mode and the artifact org.apache.maven.plugins:maven-eclipse-plugin:jar:2.9 has not been downloaded from it before.
2026-05-15 16:27:45,907 [Worker-21: Building] WARN  o.e.m.c.i.embedder.EclipseLogger - The POM for org.codehaus.mojo:exec-maven-plugin:jar:1.2.1 is missing, no dependency information available
2026-05-15 16:27:45,908 [Worker-21: Building] WARN  o.e.m.c.i.embedder.EclipseLogger - Failed to retrieve plugin descriptor for org.codehaus.mojo:exec-maven-plugin:1.2.1: Plugin org.codehaus.mojo:exec-maven-plugin:1.2.1 or one of its dependencies could not be resolved: Cannot access central (https://repo.maven.apache.org/maven2) in offline mode and the artifact org.codehaus.mojo:exec-maven-plugin:jar:1.2.1 has not been downloaded from it before.
2026-05-15 16:27:45,911 [Worker-21: Building] WARN  o.e.m.c.i.embedder.EclipseLogger - Using platform encoding (MS949 actually) to copy filtered resources, i.e. build is platform dependent!
2026-05-15 16:27:47,892 [Worker-14: Building] WARN  o.e.m.c.i.embedder.EclipseLogger - Using platform encoding (MS949 actually) to copy filtered resources, i.e. build is platform dependent!
2026-05-15 16:27:47,894 [Worker-14: Building] INFO  o.e.m.c.i.embedder.EclipseLogger - Copying 1 resource
2026-05-15 16:27:47,903 [Worker-14: Building] WARN  o.e.m.c.i.embedder.EclipseLogger - Using platform encoding (MS949 actually) to copy filtered resources, i.e. build is platform dependent!
2026-05-15 16:27:47,905 [Worker-14: Building] INFO  o.e.m.c.i.embedder.EclipseLogger - Copying 1 resource
2026-05-15 16:28:40,997 [Worker-21: Building] INFO  o.e.m.c.i.l.LifecycleMappingFactory - Using org.maven.ide.eclipse.wtp.WarLifecycleMapping lifecycle mapping for MavenProject: kr.or:proj3:1.0.0-BUILD-SNAPSHOT @ D:\proj3\proj03\pom.xml.
2026-05-15 16:28:41,068 [Worker-21: Building] WARN  o.e.m.c.i.embedder.EclipseLogger - Failed to retrieve plugin descriptor for org.apache.maven.plugins:maven-eclipse-plugin:2.9: Plugin org.apache.maven.plugins:maven-eclipse-plugin:2.9 or one of its dependencies could not be resolved: Failed to read artifact descriptor for org.apache.maven.plugins:maven-eclipse-plugin:jar:2.9
2026-05-15 16:28:41,070 [Worker-21: Building] WARN  o.e.m.c.i.embedder.EclipseLogger - Failed to retrieve plugin descriptor for org.codehaus.mojo:exec-maven-plugin:1.2.1: Plugin org.codehaus.mojo:exec-maven-plugin:1.2.1 or one of its dependencies could not be resolved: Failed to read artifact descriptor for org.codehaus.mojo:exec-maven-plugin:jar:1.2.1
2026-05-15 16:28:41,072 [Worker-21: Building] WARN  o.e.m.c.i.embedder.EclipseLogger - Failed to retrieve plugin descriptor for org.apache.maven.plugins:maven-eclipse-plugin:2.9: Plugin org.apache.maven.plugins:maven-eclipse-plugin:2.9 or one of its dependencies could not be resolved: Failed to read artifact descriptor for org.apache.maven.plugins:maven-eclipse-plugin:jar:2.9
2026-05-15 16:28:41,073 [Worker-21: Building] WARN  o.e.m.c.i.embedder.EclipseLogger - Failed to retrieve plugin descriptor for org.codehaus.mojo:exec-maven-plugin:1.2.1: Plugin org.codehaus.mojo:exec-maven-plugin:1.2.1 or one of its dependencies could not be resolved: Failed to read artifact descriptor for org.codehaus.mojo:exec-maven-plugin:jar:1.2.1
2026-05-15 16:28:41,663 [Worker-21: Building] WARN  o.e.m.c.i.embedder.EclipseLogger - Using platform encoding (MS949 actually) to copy filtered resources, i.e. build is platform dependent!
2026-05-15 16:28:41,664 [Worker-21: Building] INFO  o.e.m.c.i.embedder.EclipseLogger - Copying 0 resource
2026-05-15 16:28:41,666 [Worker-21: Building] WARN  o.e.m.c.i.embedder.EclipseLogger - Using platform encoding (MS949 actually) to copy filtered resources, i.e. build is platform dependent!
2026-05-15 16:28:41,666 [Worker-21: Building] INFO  o.e.m.c.i.embedder.EclipseLogger - Copying 0 resource
2026-05-15 16:28:41,667 [Worker-21: Building] INFO  o.e.m.w.i.f.ResourceFilteringBuildParticipant - Changed resources require a complete clean of filtered resources of proj03
2026-05-15 16:28:41,667 [Worker-21: Building] INFO  o.e.m.w.i.f.ResourceFilteringBuildParticipant - Executing resource filtering for proj03
2026-05-15 16:28:41,668 [Worker-21: Building] WARN  o.e.m.c.i.embedder.EclipseLogger - The POM for org.apache.maven.plugins:maven-eclipse-plugin:jar:2.9 is missing, no dependency information available
2026-05-15 16:28:41,669 [Worker-21: Building] WARN  o.e.m.c.i.embedder.EclipseLogger - Failed to retrieve plugin descriptor for org.apache.maven.plugins:maven-eclipse-plugin:2.9: Plugin org.apache.maven.plugins:maven-eclipse-plugin:2.9 or one of its dependencies could not be resolved: Cannot access central (https://repo.maven.apache.org/maven2) in offline mode and the artifact org.apache.maven.plugins:maven-eclipse-plugin:jar:2.9 has not been downloaded from it before.
2026-05-15 16:28:41,670 [Worker-21: Building] WARN  o.e.m.c.i.embedder.EclipseLogger - The POM for org.codehaus.mojo:exec-maven-plugin:jar:1.2.1 is missing, no dependency information available
2026-05-15 16:28:41,670 [Worker-21: Building] WARN  o.e.m.c.i.embedder.EclipseLogger - Failed to retrieve plugin descriptor for org.codehaus.mojo:exec-maven-plugin:1.2.1: Plugin org.codehaus.mojo:exec-maven-plugin:1.2.1 or one of its dependencies could not be resolved: Cannot access central (https://repo.maven.apache.org/maven2) in offline mode and the artifact org.codehaus.mojo:exec-maven-plugin:jar:1.2.1 has not been downloaded from it before.
2026-05-15 16:28:41,671 [Worker-21: Building] WARN  o.e.m.c.i.embedder.EclipseLogger - The POM for org.apache.maven.plugins:maven-eclipse-plugin:jar:2.9 is missing, no dependency information available
2026-05-15 16:28:41,671 [Worker-21: Building] WARN  o.e.m.c.i.embedder.EclipseLogger - Failed to retrieve plugin descriptor for org.apache.maven.plugins:maven-eclipse-plugin:2.9: Plugin org.apache.maven.plugins:maven-eclipse-plugin:2.9 or one of its dependencies could not be resolved: Cannot access central (https://repo.maven.apache.org/maven2) in offline mode and the artifact org.apache.maven.plugins:maven-eclipse-plugin:jar:2.9 has not been downloaded from it before.
2026-05-15 16:28:41,671 [Worker-21: Building] WARN  o.e.m.c.i.embedder.EclipseLogger - The POM for org.codehaus.mojo:exec-maven-plugin:jar:1.2.1 is missing, no dependency information available
2026-05-15 16:28:41,672 [Worker-21: Building] WARN  o.e.m.c.i.embedder.EclipseLogger - Failed to retrieve plugin descriptor for org.codehaus.mojo:exec-maven-plugin:1.2.1: Plugin org.codehaus.mojo:exec-maven-plugin:1.2.1 or one of its dependencies could not be resolved: Cannot access central (https://repo.maven.apache.org/maven2) in offline mode and the artifact org.codehaus.mojo:exec-maven-plugin:jar:1.2.1 has not been downloaded from it before.
2026-05-15 16:28:41,674 [Worker-21: Building] WARN  o.e.m.c.i.embedder.EclipseLogger - Using platform encoding (MS949 actually) to copy filtered resources, i.e. build is platform dependent!
2026-05-15 16:28:43,052 [Worker-22: Building] WARN  o.e.m.c.i.embedder.EclipseLogger - Using platform encoding (MS949 actually) to copy filtered resources, i.e. build is platform dependent!
2026-05-15 16:28:43,054 [Worker-22: Building] INFO  o.e.m.c.i.embedder.EclipseLogger - Copying 1 resource
2026-05-15 16:28:43,063 [Worker-22: Building] WARN  o.e.m.c.i.embedder.EclipseLogger - Using platform encoding (MS949 actually) to copy filtered resources, i.e. build is platform dependent!
2026-05-15 16:28:43,064 [Worker-22: Building] INFO  o.e.m.c.i.embedder.EclipseLogger - Copying 1 resource
2026-05-15 16:42:42,450 [Worker-2: Loading available Gradle versions] INFO  o.e.b.c.i.u.g.PublishedGradleVersions - Gradle version information cache is up-to-date. Trying to read.
2026-05-15 16:45:40,781 [Worker-20: Building] WARN  o.e.m.c.i.embedder.EclipseLogger - Using platform encoding (MS949 actually) to copy filtered resources, i.e. build is platform dependent!
2026-05-15 16:45:40,786 [Worker-20: Building] INFO  o.e.m.c.i.embedder.EclipseLogger - Copying 1 resource
2026-05-15 16:45:40,795 [Worker-20: Building] WARN  o.e.m.c.i.embedder.EclipseLogger - Using platform encoding (MS949 actually) to copy filtered resources, i.e. build is platform dependent!
2026-05-15 16:45:40,796 [Worker-20: Building] INFO  o.e.m.c.i.embedder.EclipseLogger - Copying 1 resource
2026-05-15 16:46:05,435 [Worker-22: Building] WARN  o.e.m.c.i.embedder.EclipseLogger - Using platform encoding (MS949 actually) to copy filtered resources, i.e. build is platform dependent!
2026-05-15 16:46:05,440 [Worker-22: Building] INFO  o.e.m.c.i.embedder.EclipseLogger - Copying 1 resource
2026-05-15 16:46:05,445 [Worker-22: Building] WARN  o.e.m.c.i.embedder.EclipseLogger - Using platform encoding (MS949 actually) to copy filtered resources, i.e. build is platform dependent!
2026-05-15 16:46:05,447 [Worker-22: Building] INFO  o.e.m.c.i.embedder.EclipseLogger - Copying 0 resource
2026-05-15 16:46:28,170 [Worker-0: Building] WARN  o.e.m.c.i.embedder.EclipseLogger - Using platform encoding (MS949 actually) to copy filtered resources, i.e. build is platform dependent!
2026-05-15 16:46:28,171 [Worker-0: Building] INFO  o.e.m.c.i.embedder.EclipseLogger - Copying 1 resource
2026-05-15 16:46:28,173 [Worker-0: Building] WARN  o.e.m.c.i.embedder.EclipseLogger - Using platform encoding (MS949 actually) to copy filtered resources, i.e. build is platform dependent!
2026-05-15 16:46:28,173 [Worker-0: Building] INFO  o.e.m.c.i.embedder.EclipseLogger - Copying 0 resource
2026-05-15 16:50:05,989 [Worker-10: Building] WARN  o.e.m.c.i.embedder.EclipseLogger - Using platform encoding (MS949 actually) to copy filtered resources, i.e. build is platform dependent!
2026-05-15 16:50:05,990 [Worker-10: Building] INFO  o.e.m.c.i.embedder.EclipseLogger - Copying 0 resource
2026-05-15 16:50:05,991 [Worker-10: Building] WARN  o.e.m.c.i.embedder.EclipseLogger - Using platform encoding (MS949 actually) to copy filtered resources, i.e. build is platform dependent!
2026-05-15 16:50:05,992 [Worker-10: Building] INFO  o.e.m.c.i.embedder.EclipseLogger - Copying 0 resource
2026-05-15 16:50:22,486 [Worker-10: Building] WARN  o.e.m.c.i.embedder.EclipseLogger - Using platform encoding (MS949 actually) to copy filtered resources, i.e. build is platform dependent!
2026-05-15 16:50:22,487 [Worker-10: Building] INFO  o.e.m.c.i.embedder.EclipseLogger - Copying 0 resource
2026-05-15 16:50:22,489 [Worker-10: Building] WARN  o.e.m.c.i.embedder.EclipseLogger - Using platform encoding (MS949 actually) to copy filtered resources, i.e. build is platform dependent!
2026-05-15 16:50:22,490 [Worker-10: Building] INFO  o.e.m.c.i.embedder.EclipseLogger - Copying 0 resource
2026-05-15 16:50:46,960 [Worker-25: Building] WARN  o.e.m.c.i.embedder.EclipseLogger - Using platform encoding (MS949 actually) to copy filtered resources, i.e. build is platform dependent!
2026-05-15 16:50:46,960 [Worker-25: Building] INFO  o.e.m.c.i.embedder.EclipseLogger - Copying 0 resource
2026-05-15 16:50:46,961 [Worker-25: Building] WARN  o.e.m.c.i.embedder.EclipseLogger - Using platform encoding (MS949 actually) to copy filtered resources, i.e. build is platform dependent!
2026-05-15 16:50:46,962 [Worker-25: Building] INFO  o.e.m.c.i.embedder.EclipseLogger - Copying 0 resource
2026-05-15 16:51:09,488 [Worker-25: Building] WARN  o.e.m.c.i.embedder.EclipseLogger - Using platform encoding (MS949 actually) to copy filtered resources, i.e. build is platform dependent!
2026-05-15 16:51:09,488 [Worker-25: Building] INFO  o.e.m.c.i.embedder.EclipseLogger - Copying 0 resource
2026-05-15 16:51:09,490 [Worker-25: Building] WARN  o.e.m.c.i.embedder.EclipseLogger - Using platform encoding (MS949 actually) to copy filtered resources, i.e. build is platform dependent!
2026-05-15 16:51:09,491 [Worker-25: Building] INFO  o.e.m.c.i.embedder.EclipseLogger - Copying 0 resource
2026-05-15 16:52:13,245 [Worker-27: Building] WARN  o.e.m.c.i.embedder.EclipseLogger - Using platform encoding (MS949 actually) to copy filtered resources, i.e. build is platform dependent!
2026-05-15 16:52:13,246 [Worker-27: Building] INFO  o.e.m.c.i.embedder.EclipseLogger - Copying 0 resource
2026-05-15 16:52:13,250 [Worker-27: Building] WARN  o.e.m.c.i.embedder.EclipseLogger - Using platform encoding (MS949 actually) to copy filtered resources, i.e. build is platform dependent!
2026-05-15 16:52:13,251 [Worker-27: Building] INFO  o.e.m.c.i.embedder.EclipseLogger - Copying 0 resource
2026-05-15 16:53:25,041 [Worker-29: Building] WARN  o.e.m.c.i.embedder.EclipseLogger - Using platform encoding (MS949 actually) to copy filtered resources, i.e. build is platform dependent!
2026-05-15 16:53:25,043 [Worker-29: Building] INFO  o.e.m.c.i.embedder.EclipseLogger - Copying 1 resource
2026-05-15 16:53:25,047 [Worker-29: Building] WARN  o.e.m.c.i.embedder.EclipseLogger - Using platform encoding (MS949 actually) to copy filtered resources, i.e. build is platform dependent!
2026-05-15 16:53:25,048 [Worker-29: Building] INFO  o.e.m.c.i.embedder.EclipseLogger - Copying 0 resource
2026-05-15 16:56:50,856 [Worker-30: Building] WARN  o.e.m.c.i.embedder.EclipseLogger - Using platform encoding (MS949 actually) to copy filtered resources, i.e. build is platform dependent!
2026-05-15 16:56:50,857 [Worker-30: Building] INFO  o.e.m.c.i.embedder.EclipseLogger - Copying 1 resource
2026-05-15 16:56:50,860 [Worker-30: Building] WARN  o.e.m.c.i.embedder.EclipseLogger - Using platform encoding (MS949 actually) to copy filtered resources, i.e. build is platform dependent!
2026-05-15 16:56:50,861 [Worker-30: Building] INFO  o.e.m.c.i.embedder.EclipseLogger - Copying 0 resource
2026-05-15 16:58:02,561 [Worker-25: Building] WARN  o.e.m.c.i.embedder.EclipseLogger - Using platform encoding (MS949 actually) to copy filtered resources, i.e. build is platform dependent!
2026-05-15 16:58:02,563 [Worker-25: Building] INFO  o.e.m.c.i.embedder.EclipseLogger - Copying 1 resource
2026-05-15 16:58:02,565 [Worker-25: Building] WARN  o.e.m.c.i.embedder.EclipseLogger - Using platform encoding (MS949 actually) to copy filtered resources, i.e. build is platform dependent!
2026-05-15 16:58:02,566 [Worker-25: Building] INFO  o.e.m.c.i.embedder.EclipseLogger - Copying 0 resource
2026-05-15 16:59:05,034 [Worker-31: Updating Maven Project] INFO  o.e.m.c.i.p.ProjectConfigurationManager - Update started
2026-05-15 16:59:05,275 [Worker-31: Updating Maven Project] INFO  o.e.m.c.i.l.LifecycleMappingFactory - Using org.maven.ide.eclipse.wtp.WarLifecycleMapping lifecycle mapping for MavenProject: kr.or:proj3:1.0.0-BUILD-SNAPSHOT @ D:\proj3\proj03\pom.xml.
2026-05-15 16:59:05,367 [Worker-31: Updating Maven Project] WARN  o.e.m.c.i.embedder.EclipseLogger - Failed to retrieve plugin descriptor for org.apache.maven.plugins:maven-eclipse-plugin:2.9: Plugin org.apache.maven.plugins:maven-eclipse-plugin:2.9 or one of its dependencies could not be resolved: Failed to read artifact descriptor for org.apache.maven.plugins:maven-eclipse-plugin:jar:2.9
2026-05-15 16:59:05,368 [Worker-31: Updating Maven Project] WARN  o.e.m.c.i.embedder.EclipseLogger - Failed to retrieve plugin descriptor for org.codehaus.mojo:exec-maven-plugin:1.2.1: Plugin org.codehaus.mojo:exec-maven-plugin:1.2.1 or one of its dependencies could not be resolved: Failed to read artifact descriptor for org.codehaus.mojo:exec-maven-plugin:jar:1.2.1
2026-05-15 16:59:05,377 [Worker-31: Updating Maven Project] WARN  o.e.m.c.i.embedder.EclipseLogger - Failed to retrieve plugin descriptor for org.apache.maven.plugins:maven-eclipse-plugin:2.9: Plugin org.apache.maven.plugins:maven-eclipse-plugin:2.9 or one of its dependencies could not be resolved: Failed to read artifact descriptor for org.apache.maven.plugins:maven-eclipse-plugin:jar:2.9
2026-05-15 16:59:05,378 [Worker-31: Updating Maven Project] WARN  o.e.m.c.i.embedder.EclipseLogger - Failed to retrieve plugin descriptor for org.codehaus.mojo:exec-maven-plugin:1.2.1: Plugin org.codehaus.mojo:exec-maven-plugin:1.2.1 or one of its dependencies could not be resolved: Failed to read artifact descriptor for org.codehaus.mojo:exec-maven-plugin:jar:1.2.1
2026-05-15 16:59:05,991 [Worker-31: Updating Maven Project] INFO  o.e.m.j.i.AbstractJavaProjectConfigurator - Adding source folder /proj03/src/main/java
2026-05-15 16:59:05,991 [Worker-31: Updating Maven Project] INFO  o.e.m.j.i.AbstractJavaProjectConfigurator - Adding resource folder /proj03/src/main/resources
2026-05-15 16:59:05,992 [Worker-31: Updating Maven Project] INFO  o.e.m.j.i.AbstractJavaProjectConfigurator - Adding source folder /proj03/src/test/java
2026-05-15 16:59:05,992 [Worker-31: Updating Maven Project] INFO  o.e.m.j.i.AbstractJavaProjectConfigurator - Adding resource folder /proj03/src/test/resources
2026-05-15 16:59:07,403 [Worker-31: Updating Maven Project] WARN  o.e.m.c.i.embedder.EclipseLogger - Failed to retrieve plugin descriptor for org.apache.maven.plugins:maven-eclipse-plugin:2.9: Plugin org.apache.maven.plugins:maven-eclipse-plugin:2.9 or one of its dependencies could not be resolved: Failed to read artifact descriptor for org.apache.maven.plugins:maven-eclipse-plugin:jar:2.9
2026-05-15 16:59:07,404 [Worker-31: Updating Maven Project] WARN  o.e.m.c.i.embedder.EclipseLogger - Failed to retrieve plugin descriptor for org.codehaus.mojo:exec-maven-plugin:1.2.1: Plugin org.codehaus.mojo:exec-maven-plugin:1.2.1 or one of its dependencies could not be resolved: Failed to read artifact descriptor for org.codehaus.mojo:exec-maven-plugin:jar:1.2.1
2026-05-15 16:59:07,406 [Worker-31: Updating Maven Project] WARN  o.e.m.c.i.embedder.EclipseLogger - Failed to retrieve plugin descriptor for org.apache.maven.plugins:maven-eclipse-plugin:2.9: Plugin org.apache.maven.plugins:maven-eclipse-plugin:2.9 or one of its dependencies could not be resolved: Failed to read artifact descriptor for org.apache.maven.plugins:maven-eclipse-plugin:jar:2.9
2026-05-15 16:59:07,407 [Worker-31: Updating Maven Project] WARN  o.e.m.c.i.embedder.EclipseLogger - Failed to retrieve plugin descriptor for org.codehaus.mojo:exec-maven-plugin:1.2.1: Plugin org.codehaus.mojo:exec-maven-plugin:1.2.1 or one of its dependencies could not be resolved: Failed to read artifact descriptor for org.codehaus.mojo:exec-maven-plugin:jar:1.2.1
2026-05-15 16:59:07,463 [Worker-31: Updating Maven Project] INFO  o.e.m.w.i.f.ResourceFilteringBuildParticipant - Cleaning filtered folder for proj03
2026-05-15 16:59:07,468 [Worker-31: Updating Maven Project] INFO  o.e.m.c.i.p.ProjectConfigurationManager - Update completed: 2 sec
2026-05-15 16:59:07,786 [Worker-34: Building Project proj03] WARN  o.e.m.c.i.embedder.EclipseLogger - Using platform encoding (MS949 actually) to copy filtered resources, i.e. build is platform dependent!
2026-05-15 16:59:07,787 [Worker-34: Building Project proj03] INFO  o.e.m.c.i.embedder.EclipseLogger - Copying 3 resources
2026-05-15 16:59:07,798 [Worker-34: Building Project proj03] WARN  o.e.m.c.i.embedder.EclipseLogger - Using platform encoding (MS949 actually) to copy filtered resources, i.e. build is platform dependent!
2026-05-15 16:59:07,799 [Worker-34: Building Project proj03] INFO  o.e.m.c.i.embedder.EclipseLogger - Copying 1 resource
2026-05-15 16:59:07,800 [Worker-34: Building Project proj03] INFO  o.e.m.w.i.f.ResourceFilteringBuildParticipant - Changed resources require a complete clean of filtered resources of proj03
2026-05-15 16:59:07,802 [Worker-34: Building Project proj03] INFO  o.e.m.w.i.f.ResourceFilteringBuildParticipant - Executing resource filtering for proj03
2026-05-15 16:59:07,804 [Worker-34: Building Project proj03] WARN  o.e.m.c.i.embedder.EclipseLogger - The POM for org.apache.maven.plugins:maven-eclipse-plugin:jar:2.9 is missing, no dependency information available
2026-05-15 16:59:07,808 [Worker-34: Building Project proj03] WARN  o.e.m.c.i.embedder.EclipseLogger - Failed to retrieve plugin descriptor for org.apache.maven.plugins:maven-eclipse-plugin:2.9: Plugin org.apache.maven.plugins:maven-eclipse-plugin:2.9 or one of its dependencies could not be resolved: Cannot access central (https://repo.maven.apache.org/maven2) in offline mode and the artifact org.apache.maven.plugins:maven-eclipse-plugin:jar:2.9 has not been downloaded from it before.
2026-05-15 16:59:07,809 [Worker-34: Building Project proj03] WARN  o.e.m.c.i.embedder.EclipseLogger - The POM for org.codehaus.mojo:exec-maven-plugin:jar:1.2.1 is missing, no dependency information available
2026-05-15 16:59:07,811 [Worker-34: Building Project proj03] WARN  o.e.m.c.i.embedder.EclipseLogger - Failed to retrieve plugin descriptor for org.codehaus.mojo:exec-maven-plugin:1.2.1: Plugin org.codehaus.mojo:exec-maven-plugin:1.2.1 or one of its dependencies could not be resolved: Cannot access central (https://repo.maven.apache.org/maven2) in offline mode and the artifact org.codehaus.mojo:exec-maven-plugin:jar:1.2.1 has not been downloaded from it before.
2026-05-15 16:59:07,812 [Worker-34: Building Project proj03] WARN  o.e.m.c.i.embedder.EclipseLogger - The POM for org.apache.maven.plugins:maven-eclipse-plugin:jar:2.9 is missing, no dependency information available
2026-05-15 16:59:07,813 [Worker-34: Building Project proj03] WARN  o.e.m.c.i.embedder.EclipseLogger - Failed to retrieve plugin descriptor for org.apache.maven.plugins:maven-eclipse-plugin:2.9: Plugin org.apache.maven.plugins:maven-eclipse-plugin:2.9 or one of its dependencies could not be resolved: Cannot access central (https://repo.maven.apache.org/maven2) in offline mode and the artifact org.apache.maven.plugins:maven-eclipse-plugin:jar:2.9 has not been downloaded from it before.
2026-05-15 16:59:07,814 [Worker-34: Building Project proj03] WARN  o.e.m.c.i.embedder.EclipseLogger - The POM for org.codehaus.mojo:exec-maven-plugin:jar:1.2.1 is missing, no dependency information available
2026-05-15 16:59:07,815 [Worker-34: Building Project proj03] WARN  o.e.m.c.i.embedder.EclipseLogger - Failed to retrieve plugin descriptor for org.codehaus.mojo:exec-maven-plugin:1.2.1: Plugin org.codehaus.mojo:exec-maven-plugin:1.2.1 or one of its dependencies could not be resolved: Cannot access central (https://repo.maven.apache.org/maven2) in offline mode and the artifact org.codehaus.mojo:exec-maven-plugin:jar:1.2.1 has not been downloaded from it before.
2026-05-15 16:59:07,825 [Worker-34: Building Project proj03] WARN  o.e.m.c.i.embedder.EclipseLogger - Using platform encoding (MS949 actually) to copy filtered resources, i.e. build is platform dependent!
2026-05-15 16:59:09,033 [Worker-33: Building] WARN  o.e.m.c.i.embedder.EclipseLogger - Using platform encoding (MS949 actually) to copy filtered resources, i.e. build is platform dependent!
2026-05-15 16:59:09,036 [Worker-33: Building] INFO  o.e.m.c.i.embedder.EclipseLogger - Copying 0 resource
2026-05-15 16:59:09,037 [Worker-33: Building] WARN  o.e.m.c.i.embedder.EclipseLogger - Using platform encoding (MS949 actually) to copy filtered resources, i.e. build is platform dependent!
2026-05-15 16:59:09,038 [Worker-33: Building] INFO  o.e.m.c.i.embedder.EclipseLogger - Copying 0 resource
2026-05-15 17:02:33,743 [Worker-31: Building] WARN  o.e.m.c.i.embedder.EclipseLogger - Using platform encoding (MS949 actually) to copy filtered resources, i.e. build is platform dependent!
2026-05-15 17:02:33,744 [Worker-31: Building] INFO  o.e.m.c.i.embedder.EclipseLogger - Copying 0 resource
2026-05-15 17:02:33,745 [Worker-31: Building] WARN  o.e.m.c.i.embedder.EclipseLogger - Using platform encoding (MS949 actually) to copy filtered resources, i.e. build is platform dependent!
2026-05-15 17:02:33,746 [Worker-31: Building] INFO  o.e.m.c.i.embedder.EclipseLogger - Copying 0 resource
2026-05-15 17:02:44,643 [Worker-35: Building] WARN  o.e.m.c.i.embedder.EclipseLogger - Using platform encoding (MS949 actually) to copy filtered resources, i.e. build is platform dependent!
2026-05-15 17:02:44,644 [Worker-35: Building] INFO  o.e.m.c.i.embedder.EclipseLogger - Copying 0 resource
2026-05-15 17:02:44,645 [Worker-35: Building] WARN  o.e.m.c.i.embedder.EclipseLogger - Using platform encoding (MS949 actually) to copy filtered resources, i.e. build is platform dependent!
2026-05-15 17:02:44,646 [Worker-35: Building] INFO  o.e.m.c.i.embedder.EclipseLogger - Copying 0 resource
2026-05-15 17:03:25,335 [Worker-31: Building] WARN  o.e.m.c.i.embedder.EclipseLogger - Using platform encoding (MS949 actually) to copy filtered resources, i.e. build is platform dependent!
2026-05-15 17:03:25,336 [Worker-31: Building] INFO  o.e.m.c.i.embedder.EclipseLogger - Copying 0 resource
2026-05-15 17:03:25,338 [Worker-31: Building] WARN  o.e.m.c.i.embedder.EclipseLogger - Using platform encoding (MS949 actually) to copy filtered resources, i.e. build is platform dependent!
2026-05-15 17:03:25,339 [Worker-31: Building] INFO  o.e.m.c.i.embedder.EclipseLogger - Copying 0 resource
2026-05-15 17:03:40,290 [Worker-35: Building] WARN  o.e.m.c.i.embedder.EclipseLogger - Using platform encoding (MS949 actually) to copy filtered resources, i.e. build is platform dependent!
2026-05-15 17:03:40,291 [Worker-35: Building] INFO  o.e.m.c.i.embedder.EclipseLogger - Copying 1 resource
2026-05-15 17:03:40,294 [Worker-35: Building] WARN  o.e.m.c.i.embedder.EclipseLogger - Using platform encoding (MS949 actually) to copy filtered resources, i.e. build is platform dependent!
2026-05-15 17:03:40,295 [Worker-35: Building] INFO  o.e.m.c.i.embedder.EclipseLogger - Copying 0 resource
2026-05-15 17:04:28,390 [Worker-31: Building] WARN  o.e.m.c.i.embedder.EclipseLogger - Using platform encoding (MS949 actually) to copy filtered resources, i.e. build is platform dependent!
2026-05-15 17:04:28,391 [Worker-31: Building] INFO  o.e.m.c.i.embedder.EclipseLogger - Copying 3 resources
2026-05-15 17:04:28,395 [Worker-31: Building] WARN  o.e.m.c.i.embedder.EclipseLogger - Using platform encoding (MS949 actually) to copy filtered resources, i.e. build is platform dependent!
2026-05-15 17:04:28,395 [Worker-31: Building] INFO  o.e.m.c.i.embedder.EclipseLogger - Copying 0 resource
2026-05-15 17:04:29,417 [Worker-25: Building] WARN  o.e.m.c.i.embedder.EclipseLogger - Using platform encoding (MS949 actually) to copy filtered resources, i.e. build is platform dependent!
2026-05-15 17:04:29,417 [Worker-25: Building] INFO  o.e.m.c.i.embedder.EclipseLogger - Copying 0 resource
2026-05-15 17:04:29,419 [Worker-25: Building] WARN  o.e.m.c.i.embedder.EclipseLogger - Using platform encoding (MS949 actually) to copy filtered resources, i.e. build is platform dependent!
2026-05-15 17:04:29,419 [Worker-25: Building] INFO  o.e.m.c.i.embedder.EclipseLogger - Copying 0 resource
2026-05-15 17:04:47,435 [Worker-37: Building] WARN  o.e.m.c.i.embedder.EclipseLogger - Using platform encoding (MS949 actually) to copy filtered resources, i.e. build is platform dependent!
2026-05-15 17:04:47,436 [Worker-37: Building] INFO  o.e.m.c.i.embedder.EclipseLogger - Copying 3 resources
2026-05-15 17:04:47,437 [Worker-37: Building] WARN  o.e.m.c.i.embedder.EclipseLogger - Using platform encoding (MS949 actually) to copy filtered resources, i.e. build is platform dependent!
2026-05-15 17:04:47,438 [Worker-37: Building] INFO  o.e.m.c.i.embedder.EclipseLogger - Copying 0 resource
2026-05-15 17:07:26,295 [Worker-36: Building] WARN  o.e.m.c.i.embedder.EclipseLogger - Using platform encoding (MS949 actually) to copy filtered resources, i.e. build is platform dependent!
2026-05-15 17:07:26,297 [Worker-36: Building] INFO  o.e.m.c.i.embedder.EclipseLogger - Copying 3 resources
2026-05-15 17:07:26,299 [Worker-36: Building] WARN  o.e.m.c.i.embedder.EclipseLogger - Using platform encoding (MS949 actually) to copy filtered resources, i.e. build is platform dependent!
2026-05-15 17:07:26,300 [Worker-36: Building] INFO  o.e.m.c.i.embedder.EclipseLogger - Copying 0 resource
2026-05-15 17:08:51,359 [Worker-35: Updating Maven Project] INFO  o.e.m.c.i.p.ProjectConfigurationManager - Update started
2026-05-15 17:08:51,515 [Worker-35: Updating Maven Project] INFO  o.e.m.c.i.l.LifecycleMappingFactory - Using org.maven.ide.eclipse.wtp.WarLifecycleMapping lifecycle mapping for MavenProject: kr.or:proj3:1.0.0-BUILD-SNAPSHOT @ D:\proj3\proj03\pom.xml.
2026-05-15 17:08:51,568 [Worker-35: Updating Maven Project] WARN  o.e.m.c.i.embedder.EclipseLogger - Failed to retrieve plugin descriptor for org.apache.maven.plugins:maven-eclipse-plugin:2.9: Plugin org.apache.maven.plugins:maven-eclipse-plugin:2.9 or one of its dependencies could not be resolved: Failed to read artifact descriptor for org.apache.maven.plugins:maven-eclipse-plugin:jar:2.9
2026-05-15 17:08:51,570 [Worker-35: Updating Maven Project] WARN  o.e.m.c.i.embedder.EclipseLogger - Failed to retrieve plugin descriptor for org.codehaus.mojo:exec-maven-plugin:1.2.1: Plugin org.codehaus.mojo:exec-maven-plugin:1.2.1 or one of its dependencies could not be resolved: Failed to read artifact descriptor for org.codehaus.mojo:exec-maven-plugin:jar:1.2.1
2026-05-15 17:08:51,571 [Worker-35: Updating Maven Project] WARN  o.e.m.c.i.embedder.EclipseLogger - Failed to retrieve plugin descriptor for org.apache.maven.plugins:maven-eclipse-plugin:2.9: Plugin org.apache.maven.plugins:maven-eclipse-plugin:2.9 or one of its dependencies could not be resolved: Failed to read artifact descriptor for org.apache.maven.plugins:maven-eclipse-plugin:jar:2.9
2026-05-15 17:08:51,573 [Worker-35: Updating Maven Project] WARN  o.e.m.c.i.embedder.EclipseLogger - Failed to retrieve plugin descriptor for org.codehaus.mojo:exec-maven-plugin:1.2.1: Plugin org.codehaus.mojo:exec-maven-plugin:1.2.1 or one of its dependencies could not be resolved: Failed to read artifact descriptor for org.codehaus.mojo:exec-maven-plugin:jar:1.2.1
2026-05-15 17:08:52,059 [Worker-35: Updating Maven Project] INFO  o.e.m.j.i.AbstractJavaProjectConfigurator - Adding source folder /proj03/src/main/java
2026-05-15 17:08:52,060 [Worker-35: Updating Maven Project] INFO  o.e.m.j.i.AbstractJavaProjectConfigurator - Adding resource folder /proj03/src/main/resources
2026-05-15 17:08:52,060 [Worker-35: Updating Maven Project] INFO  o.e.m.j.i.AbstractJavaProjectConfigurator - Adding source folder /proj03/src/test/java
2026-05-15 17:08:52,060 [Worker-35: Updating Maven Project] INFO  o.e.m.j.i.AbstractJavaProjectConfigurator - Adding resource folder /proj03/src/test/resources
2026-05-15 17:08:52,161 [Worker-35: Updating Maven Project] WARN  o.e.m.c.i.embedder.EclipseLogger - Failed to retrieve plugin descriptor for org.apache.maven.plugins:maven-eclipse-plugin:2.9: Plugin org.apache.maven.plugins:maven-eclipse-plugin:2.9 or one of its dependencies could not be resolved: Failed to read artifact descriptor for org.apache.maven.plugins:maven-eclipse-plugin:jar:2.9
2026-05-15 17:08:52,163 [Worker-35: Updating Maven Project] WARN  o.e.m.c.i.embedder.EclipseLogger - Failed to retrieve plugin descriptor for org.codehaus.mojo:exec-maven-plugin:1.2.1: Plugin org.codehaus.mojo:exec-maven-plugin:1.2.1 or one of its dependencies could not be resolved: Failed to read artifact descriptor for org.codehaus.mojo:exec-maven-plugin:jar:1.2.1
2026-05-15 17:08:52,164 [Worker-35: Updating Maven Project] WARN  o.e.m.c.i.embedder.EclipseLogger - Failed to retrieve plugin descriptor for org.apache.maven.plugins:maven-eclipse-plugin:2.9: Plugin org.apache.maven.plugins:maven-eclipse-plugin:2.9 or one of its dependencies could not be resolved: Failed to read artifact descriptor for org.apache.maven.plugins:maven-eclipse-plugin:jar:2.9
2026-05-15 17:08:52,165 [Worker-35: Updating Maven Project] WARN  o.e.m.c.i.embedder.EclipseLogger - Failed to retrieve plugin descriptor for org.codehaus.mojo:exec-maven-plugin:1.2.1: Plugin org.codehaus.mojo:exec-maven-plugin:1.2.1 or one of its dependencies could not be resolved: Failed to read artifact descriptor for org.codehaus.mojo:exec-maven-plugin:jar:1.2.1
2026-05-15 17:08:52,231 [Worker-35: Updating Maven Project] INFO  o.e.m.w.i.f.ResourceFilteringBuildParticipant - Cleaning filtered folder for proj03
2026-05-15 17:08:52,236 [Worker-35: Updating Maven Project] INFO  o.e.m.c.i.p.ProjectConfigurationManager - Update completed: 0 sec
2026-05-15 17:08:53,122 [Worker-40: Building] WARN  o.e.m.c.i.embedder.EclipseLogger - Using platform encoding (MS949 actually) to copy filtered resources, i.e. build is platform dependent!
2026-05-15 17:08:53,124 [Worker-40: Building] INFO  o.e.m.c.i.embedder.EclipseLogger - Copying 3 resources
2026-05-15 17:08:53,135 [Worker-40: Building] WARN  o.e.m.c.i.embedder.EclipseLogger - Using platform encoding (MS949 actually) to copy filtered resources, i.e. build is platform dependent!
2026-05-15 17:08:53,136 [Worker-40: Building] INFO  o.e.m.c.i.embedder.EclipseLogger - Copying 1 resource
2026-05-15 17:08:53,137 [Worker-40: Building] INFO  o.e.m.w.i.f.ResourceFilteringBuildParticipant - Changed resources require a complete clean of filtered resources of proj03
2026-05-15 17:08:53,138 [Worker-40: Building] INFO  o.e.m.w.i.f.ResourceFilteringBuildParticipant - Executing resource filtering for proj03
2026-05-15 17:08:53,140 [Worker-40: Building] WARN  o.e.m.c.i.embedder.EclipseLogger - The POM for org.apache.maven.plugins:maven-eclipse-plugin:jar:2.9 is missing, no dependency information available
2026-05-15 17:08:53,141 [Worker-40: Building] WARN  o.e.m.c.i.embedder.EclipseLogger - Failed to retrieve plugin descriptor for org.apache.maven.plugins:maven-eclipse-plugin:2.9: Plugin org.apache.maven.plugins:maven-eclipse-plugin:2.9 or one of its dependencies could not be resolved: Cannot access central (https://repo.maven.apache.org/maven2) in offline mode and the artifact org.apache.maven.plugins:maven-eclipse-plugin:jar:2.9 has not been downloaded from it before.
2026-05-15 17:08:53,142 [Worker-40: Building] WARN  o.e.m.c.i.embedder.EclipseLogger - The POM for org.codehaus.mojo:exec-maven-plugin:jar:1.2.1 is missing, no dependency information available
2026-05-15 17:08:53,143 [Worker-40: Building] WARN  o.e.m.c.i.embedder.EclipseLogger - Failed to retrieve plugin descriptor for org.codehaus.mojo:exec-maven-plugin:1.2.1: Plugin org.codehaus.mojo:exec-maven-plugin:1.2.1 or one of its dependencies could not be resolved: Cannot access central (https://repo.maven.apache.org/maven2) in offline mode and the artifact org.codehaus.mojo:exec-maven-plugin:jar:1.2.1 has not been downloaded from it before.
2026-05-15 17:08:53,146 [Worker-40: Building] WARN  o.e.m.c.i.embedder.EclipseLogger - The POM for org.apache.maven.plugins:maven-eclipse-plugin:jar:2.9 is missing, no dependency information available
2026-05-15 17:08:53,147 [Worker-40: Building] WARN  o.e.m.c.i.embedder.EclipseLogger - Failed to retrieve plugin descriptor for org.apache.maven.plugins:maven-eclipse-plugin:2.9: Plugin org.apache.maven.plugins:maven-eclipse-plugin:2.9 or one of its dependencies could not be resolved: Cannot access central (https://repo.maven.apache.org/maven2) in offline mode and the artifact org.apache.maven.plugins:maven-eclipse-plugin:jar:2.9 has not been downloaded from it before.
2026-05-15 17:08:53,148 [Worker-40: Building] WARN  o.e.m.c.i.embedder.EclipseLogger - The POM for org.codehaus.mojo:exec-maven-plugin:jar:1.2.1 is missing, no dependency information available
2026-05-15 17:08:53,149 [Worker-40: Building] WARN  o.e.m.c.i.embedder.EclipseLogger - Failed to retrieve plugin descriptor for org.codehaus.mojo:exec-maven-plugin:1.2.1: Plugin org.codehaus.mojo:exec-maven-plugin:1.2.1 or one of its dependencies could not be resolved: Cannot access central (https://repo.maven.apache.org/maven2) in offline mode and the artifact org.codehaus.mojo:exec-maven-plugin:jar:1.2.1 has not been downloaded from it before.
2026-05-15 17:08:53,153 [Worker-40: Building] WARN  o.e.m.c.i.embedder.EclipseLogger - Using platform encoding (MS949 actually) to copy filtered resources, i.e. build is platform dependent!
2026-05-15 17:09:04,261 [Worker-35: Launching Executing clean in D__proj3_proj03] INFO  o.e.m.i.launch.MavenLaunchDelegate - D:\proj3\proj03
2026-05-15 17:09:04,263 [Worker-35: Launching Executing clean in D__proj3_proj03] INFO  o.e.m.i.launch.MavenLaunchDelegate -  mvn -B clean -Dstyle.color=always
2026-05-15 17:09:06,089 [Worker-31: Building] WARN  o.e.m.c.i.embedder.EclipseLogger - Using platform encoding (MS949 actually) to copy filtered resources, i.e. build is platform dependent!
2026-05-15 17:09:06,091 [Worker-31: Building] INFO  o.e.m.c.i.embedder.EclipseLogger - Copying 3 resources
2026-05-15 17:09:06,096 [Worker-31: Building] WARN  o.e.m.c.i.embedder.EclipseLogger - Using platform encoding (MS949 actually) to copy filtered resources, i.e. build is platform dependent!
2026-05-15 17:09:06,096 [Worker-31: Building] INFO  o.e.m.c.i.embedder.EclipseLogger - Copying 1 resource
2026-05-15 17:09:06,098 [Worker-31: Building] INFO  o.e.m.w.i.f.ResourceFilteringBuildParticipant - Changed resources require a complete clean of filtered resources of proj03
2026-05-15 17:09:06,098 [Worker-31: Building] INFO  o.e.m.w.i.f.ResourceFilteringBuildParticipant - Executing resource filtering for proj03
2026-05-15 17:09:06,100 [Worker-31: Building] WARN  o.e.m.c.i.embedder.EclipseLogger - The POM for org.apache.maven.plugins:maven-eclipse-plugin:jar:2.9 is missing, no dependency information available
2026-05-15 17:09:06,101 [Worker-31: Building] WARN  o.e.m.c.i.embedder.EclipseLogger - Failed to retrieve plugin descriptor for org.apache.maven.plugins:maven-eclipse-plugin:2.9: Plugin org.apache.maven.plugins:maven-eclipse-plugin:2.9 or one of its dependencies could not be resolved: Cannot access central (https://repo.maven.apache.org/maven2) in offline mode and the artifact org.apache.maven.plugins:maven-eclipse-plugin:jar:2.9 has not been downloaded from it before.
2026-05-15 17:09:06,102 [Worker-31: Building] WARN  o.e.m.c.i.embedder.EclipseLogger - The POM for org.codehaus.mojo:exec-maven-plugin:jar:1.2.1 is missing, no dependency information available
2026-05-15 17:09:06,103 [Worker-31: Building] WARN  o.e.m.c.i.embedder.EclipseLogger - Failed to retrieve plugin descriptor for org.codehaus.mojo:exec-maven-plugin:1.2.1: Plugin org.codehaus.mojo:exec-maven-plugin:1.2.1 or one of its dependencies could not be resolved: Cannot access central (https://repo.maven.apache.org/maven2) in offline mode and the artifact org.codehaus.mojo:exec-maven-plugin:jar:1.2.1 has not been downloaded from it before.
2026-05-15 17:09:06,104 [Worker-31: Building] WARN  o.e.m.c.i.embedder.EclipseLogger - The POM for org.apache.maven.plugins:maven-eclipse-plugin:jar:2.9 is missing, no dependency information available
2026-05-15 17:09:06,105 [Worker-31: Building] WARN  o.e.m.c.i.embedder.EclipseLogger - Failed to retrieve plugin descriptor for org.apache.maven.plugins:maven-eclipse-plugin:2.9: Plugin org.apache.maven.plugins:maven-eclipse-plugin:2.9 or one of its dependencies could not be resolved: Cannot access central (https://repo.maven.apache.org/maven2) in offline mode and the artifact org.apache.maven.plugins:maven-eclipse-plugin:jar:2.9 has not been downloaded from it before.
2026-05-15 17:09:06,106 [Worker-31: Building] WARN  o.e.m.c.i.embedder.EclipseLogger - The POM for org.codehaus.mojo:exec-maven-plugin:jar:1.2.1 is missing, no dependency information available
2026-05-15 17:09:06,107 [Worker-31: Building] WARN  o.e.m.c.i.embedder.EclipseLogger - Failed to retrieve plugin descriptor for org.codehaus.mojo:exec-maven-plugin:1.2.1: Plugin org.codehaus.mojo:exec-maven-plugin:1.2.1 or one of its dependencies could not be resolved: Cannot access central (https://repo.maven.apache.org/maven2) in offline mode and the artifact org.codehaus.mojo:exec-maven-plugin:jar:1.2.1 has not been downloaded from it before.
2026-05-15 17:09:06,115 [Worker-31: Building] WARN  o.e.m.c.i.embedder.EclipseLogger - Using platform encoding (MS949 actually) to copy filtered resources, i.e. build is platform dependent!
2026-05-15 17:09:13,137 [Worker-36: Launching Executing install in D__proj3_proj03] INFO  o.e.m.i.launch.MavenLaunchDelegate - D:\proj3\proj03
2026-05-15 17:09:13,137 [Worker-36: Launching Executing install in D__proj3_proj03] INFO  o.e.m.i.launch.MavenLaunchDelegate -  mvn -B install -Dstyle.color=always
2026-05-15 17:09:15,347 [Worker-35: Building] WARN  o.e.m.c.i.embedder.EclipseLogger - Using platform encoding (MS949 actually) to copy filtered resources, i.e. build is platform dependent!
2026-05-15 17:09:15,348 [Worker-35: Building] INFO  o.e.m.c.i.embedder.EclipseLogger - Copying 0 resource
2026-05-15 17:09:15,351 [Worker-35: Building] WARN  o.e.m.c.i.embedder.EclipseLogger - Using platform encoding (MS949 actually) to copy filtered resources, i.e. build is platform dependent!
2026-05-15 17:09:15,352 [Worker-35: Building] INFO  o.e.m.c.i.embedder.EclipseLogger - Copying 0 resource
2026-05-15 17:10:47,967 [Worker-35: Updating Maven Project] INFO  o.e.m.c.i.p.ProjectConfigurationManager - Update started
2026-05-15 17:10:48,089 [Worker-35: Updating Maven Project] INFO  o.e.m.c.i.l.LifecycleMappingFactory - Using org.maven.ide.eclipse.wtp.WarLifecycleMapping lifecycle mapping for MavenProject: kr.or:proj3:1.0.0-BUILD-SNAPSHOT @ D:\proj3\proj03\pom.xml.
2026-05-15 17:10:48,134 [Worker-35: Updating Maven Project] WARN  o.e.m.c.i.embedder.EclipseLogger - Failed to retrieve plugin descriptor for org.apache.maven.plugins:maven-eclipse-plugin:2.9: Plugin org.apache.maven.plugins:maven-eclipse-plugin:2.9 or one of its dependencies could not be resolved: Failed to read artifact descriptor for org.apache.maven.plugins:maven-eclipse-plugin:jar:2.9
2026-05-15 17:10:48,135 [Worker-35: Updating Maven Project] WARN  o.e.m.c.i.embedder.EclipseLogger - Failed to retrieve plugin descriptor for org.codehaus.mojo:exec-maven-plugin:1.2.1: Plugin org.codehaus.mojo:exec-maven-plugin:1.2.1 or one of its dependencies could not be resolved: Failed to read artifact descriptor for org.codehaus.mojo:exec-maven-plugin:jar:1.2.1
2026-05-15 17:10:48,136 [Worker-35: Updating Maven Project] WARN  o.e.m.c.i.embedder.EclipseLogger - Failed to retrieve plugin descriptor for org.apache.maven.plugins:maven-eclipse-plugin:2.9: Plugin org.apache.maven.plugins:maven-eclipse-plugin:2.9 or one of its dependencies could not be resolved: Failed to read artifact descriptor for org.apache.maven.plugins:maven-eclipse-plugin:jar:2.9
2026-05-15 17:10:48,137 [Worker-35: Updating Maven Project] WARN  o.e.m.c.i.embedder.EclipseLogger - Failed to retrieve plugin descriptor for org.codehaus.mojo:exec-maven-plugin:1.2.1: Plugin org.codehaus.mojo:exec-maven-plugin:1.2.1 or one of its dependencies could not be resolved: Failed to read artifact descriptor for org.codehaus.mojo:exec-maven-plugin:jar:1.2.1
2026-05-15 17:10:48,674 [Worker-35: Updating Maven Project] INFO  o.e.m.j.i.AbstractJavaProjectConfigurator - Adding source folder /proj03/src/main/java
2026-05-15 17:10:48,674 [Worker-35: Updating Maven Project] INFO  o.e.m.j.i.AbstractJavaProjectConfigurator - Adding resource folder /proj03/src/main/resources
2026-05-15 17:10:48,675 [Worker-35: Updating Maven Project] INFO  o.e.m.j.i.AbstractJavaProjectConfigurator - Adding source folder /proj03/src/test/java
2026-05-15 17:10:48,675 [Worker-35: Updating Maven Project] INFO  o.e.m.j.i.AbstractJavaProjectConfigurator - Adding resource folder /proj03/src/test/resources
2026-05-15 17:10:48,800 [Worker-35: Updating Maven Project] WARN  o.e.m.c.i.embedder.EclipseLogger - Failed to retrieve plugin descriptor for org.apache.maven.plugins:maven-eclipse-plugin:2.9: Plugin org.apache.maven.plugins:maven-eclipse-plugin:2.9 or one of its dependencies could not be resolved: Failed to read artifact descriptor for org.apache.maven.plugins:maven-eclipse-plugin:jar:2.9
2026-05-15 17:10:48,801 [Worker-35: Updating Maven Project] WARN  o.e.m.c.i.embedder.EclipseLogger - Failed to retrieve plugin descriptor for org.codehaus.mojo:exec-maven-plugin:1.2.1: Plugin org.codehaus.mojo:exec-maven-plugin:1.2.1 or one of its dependencies could not be resolved: Failed to read artifact descriptor for org.codehaus.mojo:exec-maven-plugin:jar:1.2.1
2026-05-15 17:10:48,802 [Worker-35: Updating Maven Project] WARN  o.e.m.c.i.embedder.EclipseLogger - Failed to retrieve plugin descriptor for org.apache.maven.plugins:maven-eclipse-plugin:2.9: Plugin org.apache.maven.plugins:maven-eclipse-plugin:2.9 or one of its dependencies could not be resolved: Failed to read artifact descriptor for org.apache.maven.plugins:maven-eclipse-plugin:jar:2.9
2026-05-15 17:10:48,803 [Worker-35: Updating Maven Project] WARN  o.e.m.c.i.embedder.EclipseLogger - Failed to retrieve plugin descriptor for org.codehaus.mojo:exec-maven-plugin:1.2.1: Plugin org.codehaus.mojo:exec-maven-plugin:1.2.1 or one of its dependencies could not be resolved: Failed to read artifact descriptor for org.codehaus.mojo:exec-maven-plugin:jar:1.2.1
2026-05-15 17:10:48,873 [Worker-35: Updating Maven Project] INFO  o.e.m.w.i.f.ResourceFilteringBuildParticipant - Cleaning filtered folder for proj03
2026-05-15 17:10:48,876 [Worker-35: Updating Maven Project] INFO  o.e.m.c.i.p.ProjectConfigurationManager - Update completed: 0 sec
2026-05-15 17:10:49,732 [Worker-43: Building] WARN  o.e.m.c.i.embedder.EclipseLogger - Using platform encoding (MS949 actually) to copy filtered resources, i.e. build is platform dependent!
2026-05-15 17:10:49,733 [Worker-43: Building] INFO  o.e.m.c.i.embedder.EclipseLogger - Copying 3 resources
2026-05-15 17:10:49,746 [Worker-43: Building] WARN  o.e.m.c.i.embedder.EclipseLogger - Using platform encoding (MS949 actually) to copy filtered resources, i.e. build is platform dependent!
2026-05-15 17:10:49,747 [Worker-43: Building] INFO  o.e.m.c.i.embedder.EclipseLogger - Copying 1 resource
2026-05-15 17:10:49,749 [Worker-43: Building] INFO  o.e.m.w.i.f.ResourceFilteringBuildParticipant - Changed resources require a complete clean of filtered resources of proj03
2026-05-15 17:10:49,749 [Worker-43: Building] INFO  o.e.m.w.i.f.ResourceFilteringBuildParticipant - Executing resource filtering for proj03
2026-05-15 17:10:49,751 [Worker-43: Building] WARN  o.e.m.c.i.embedder.EclipseLogger - The POM for org.apache.maven.plugins:maven-eclipse-plugin:jar:2.9 is missing, no dependency information available
2026-05-15 17:10:49,752 [Worker-43: Building] WARN  o.e.m.c.i.embedder.EclipseLogger - Failed to retrieve plugin descriptor for org.apache.maven.plugins:maven-eclipse-plugin:2.9: Plugin org.apache.maven.plugins:maven-eclipse-plugin:2.9 or one of its dependencies could not be resolved: Cannot access central (https://repo.maven.apache.org/maven2) in offline mode and the artifact org.apache.maven.plugins:maven-eclipse-plugin:jar:2.9 has not been downloaded from it before.
2026-05-15 17:10:49,753 [Worker-43: Building] WARN  o.e.m.c.i.embedder.EclipseLogger - The POM for org.codehaus.mojo:exec-maven-plugin:jar:1.2.1 is missing, no dependency information available
2026-05-15 17:10:49,754 [Worker-43: Building] WARN  o.e.m.c.i.embedder.EclipseLogger - Failed to retrieve plugin descriptor for org.codehaus.mojo:exec-maven-plugin:1.2.1: Plugin org.codehaus.mojo:exec-maven-plugin:1.2.1 or one of its dependencies could not be resolved: Cannot access central (https://repo.maven.apache.org/maven2) in offline mode and the artifact org.codehaus.mojo:exec-maven-plugin:jar:1.2.1 has not been downloaded from it before.
2026-05-15 17:10:49,755 [Worker-43: Building] WARN  o.e.m.c.i.embedder.EclipseLogger - The POM for org.apache.maven.plugins:maven-eclipse-plugin:jar:2.9 is missing, no dependency information available
2026-05-15 17:10:49,756 [Worker-43: Building] WARN  o.e.m.c.i.embedder.EclipseLogger - Failed to retrieve plugin descriptor for org.apache.maven.plugins:maven-eclipse-plugin:2.9: Plugin org.apache.maven.plugins:maven-eclipse-plugin:2.9 or one of its dependencies could not be resolved: Cannot access central (https://repo.maven.apache.org/maven2) in offline mode and the artifact org.apache.maven.plugins:maven-eclipse-plugin:jar:2.9 has not been downloaded from it before.
2026-05-15 17:10:49,757 [Worker-43: Building] WARN  o.e.m.c.i.embedder.EclipseLogger - The POM for org.codehaus.mojo:exec-maven-plugin:jar:1.2.1 is missing, no dependency information available
2026-05-15 17:10:49,758 [Worker-43: Building] WARN  o.e.m.c.i.embedder.EclipseLogger - Failed to retrieve plugin descriptor for org.codehaus.mojo:exec-maven-plugin:1.2.1: Plugin org.codehaus.mojo:exec-maven-plugin:1.2.1 or one of its dependencies could not be resolved: Cannot access central (https://repo.maven.apache.org/maven2) in offline mode and the artifact org.codehaus.mojo:exec-maven-plugin:jar:1.2.1 has not been downloaded from it before.
2026-05-15 17:10:49,761 [Worker-43: Building] WARN  o.e.m.c.i.embedder.EclipseLogger - Using platform encoding (MS949 actually) to copy filtered resources, i.e. build is platform dependent!
2026-05-15 17:10:55,765 [Worker-46: Launching Executing clean in D__proj3_proj03] INFO  o.e.m.i.launch.MavenLaunchDelegate - D:\proj3\proj03
2026-05-15 17:10:55,765 [Worker-46: Launching Executing clean in D__proj3_proj03] INFO  o.e.m.i.launch.MavenLaunchDelegate -  mvn -B clean -Dstyle.color=always
2026-05-15 17:10:57,473 [Worker-35: Building] WARN  o.e.m.c.i.embedder.EclipseLogger - Using platform encoding (MS949 actually) to copy filtered resources, i.e. build is platform dependent!
2026-05-15 17:10:57,476 [Worker-35: Building] INFO  o.e.m.c.i.embedder.EclipseLogger - Copying 3 resources
2026-05-15 17:10:57,482 [Worker-35: Building] WARN  o.e.m.c.i.embedder.EclipseLogger - Using platform encoding (MS949 actually) to copy filtered resources, i.e. build is platform dependent!
2026-05-15 17:10:57,483 [Worker-35: Building] INFO  o.e.m.c.i.embedder.EclipseLogger - Copying 1 resource
2026-05-15 17:10:57,485 [Worker-35: Building] INFO  o.e.m.w.i.f.ResourceFilteringBuildParticipant - Changed resources require a complete clean of filtered resources of proj03
2026-05-15 17:10:57,485 [Worker-35: Building] INFO  o.e.m.w.i.f.ResourceFilteringBuildParticipant - Executing resource filtering for proj03
2026-05-15 17:10:57,487 [Worker-35: Building] WARN  o.e.m.c.i.embedder.EclipseLogger - The POM for org.apache.maven.plugins:maven-eclipse-plugin:jar:2.9 is missing, no dependency information available
2026-05-15 17:10:57,488 [Worker-35: Building] WARN  o.e.m.c.i.embedder.EclipseLogger - Failed to retrieve plugin descriptor for org.apache.maven.plugins:maven-eclipse-plugin:2.9: Plugin org.apache.maven.plugins:maven-eclipse-plugin:2.9 or one of its dependencies could not be resolved: Cannot access central (https://repo.maven.apache.org/maven2) in offline mode and the artifact org.apache.maven.plugins:maven-eclipse-plugin:jar:2.9 has not been downloaded from it before.
2026-05-15 17:10:57,489 [Worker-35: Building] WARN  o.e.m.c.i.embedder.EclipseLogger - The POM for org.codehaus.mojo:exec-maven-plugin:jar:1.2.1 is missing, no dependency information available
2026-05-15 17:10:57,490 [Worker-35: Building] WARN  o.e.m.c.i.embedder.EclipseLogger - Failed to retrieve plugin descriptor for org.codehaus.mojo:exec-maven-plugin:1.2.1: Plugin org.codehaus.mojo:exec-maven-plugin:1.2.1 or one of its dependencies could not be resolved: Cannot access central (https://repo.maven.apache.org/maven2) in offline mode and the artifact org.codehaus.mojo:exec-maven-plugin:jar:1.2.1 has not been downloaded from it before.
2026-05-15 17:10:57,490 [Worker-35: Building] WARN  o.e.m.c.i.embedder.EclipseLogger - The POM for org.apache.maven.plugins:maven-eclipse-plugin:jar:2.9 is missing, no dependency information available
2026-05-15 17:10:57,491 [Worker-35: Building] WARN  o.e.m.c.i.embedder.EclipseLogger - Failed to retrieve plugin descriptor for org.apache.maven.plugins:maven-eclipse-plugin:2.9: Plugin org.apache.maven.plugins:maven-eclipse-plugin:2.9 or one of its dependencies could not be resolved: Cannot access central (https://repo.maven.apache.org/maven2) in offline mode and the artifact org.apache.maven.plugins:maven-eclipse-plugin:jar:2.9 has not been downloaded from it before.
2026-05-15 17:10:57,492 [Worker-35: Building] WARN  o.e.m.c.i.embedder.EclipseLogger - The POM for org.codehaus.mojo:exec-maven-plugin:jar:1.2.1 is missing, no dependency information available
2026-05-15 17:10:57,492 [Worker-35: Building] WARN  o.e.m.c.i.embedder.EclipseLogger - Failed to retrieve plugin descriptor for org.codehaus.mojo:exec-maven-plugin:1.2.1: Plugin org.codehaus.mojo:exec-maven-plugin:1.2.1 or one of its dependencies could not be resolved: Cannot access central (https://repo.maven.apache.org/maven2) in offline mode and the artifact org.codehaus.mojo:exec-maven-plugin:jar:1.2.1 has not been downloaded from it before.
2026-05-15 17:10:57,494 [Worker-35: Building] WARN  o.e.m.c.i.embedder.EclipseLogger - Using platform encoding (MS949 actually) to copy filtered resources, i.e. build is platform dependent!
2026-05-15 17:11:57,701 [Worker-40: Building] WARN  o.e.m.c.i.embedder.EclipseLogger - Using platform encoding (MS949 actually) to copy filtered resources, i.e. build is platform dependent!
2026-05-15 17:11:57,703 [Worker-40: Building] INFO  o.e.m.c.i.embedder.EclipseLogger - Copying 0 resource
2026-05-15 17:11:57,705 [Worker-40: Building] WARN  o.e.m.c.i.embedder.EclipseLogger - Using platform encoding (MS949 actually) to copy filtered resources, i.e. build is platform dependent!
2026-05-15 17:11:57,706 [Worker-40: Building] INFO  o.e.m.c.i.embedder.EclipseLogger - Copying 0 resource
2026-05-15 17:11:59,441 [Worker-43: Building] WARN  o.e.m.c.i.embedder.EclipseLogger - Using platform encoding (MS949 actually) to copy filtered resources, i.e. build is platform dependent!
2026-05-15 17:11:59,443 [Worker-43: Building] INFO  o.e.m.c.i.embedder.EclipseLogger - Copying 3 resources
2026-05-15 17:11:59,448 [Worker-43: Building] WARN  o.e.m.c.i.embedder.EclipseLogger - Using platform encoding (MS949 actually) to copy filtered resources, i.e. build is platform dependent!
2026-05-15 17:11:59,449 [Worker-43: Building] INFO  o.e.m.c.i.embedder.EclipseLogger - Copying 1 resource
2026-05-15 17:12:08,451 [Worker-44: Building] WARN  o.e.m.c.i.embedder.EclipseLogger - Using platform encoding (MS949 actually) to copy filtered resources, i.e. build is platform dependent!
2026-05-15 17:12:08,453 [Worker-44: Building] INFO  o.e.m.c.i.embedder.EclipseLogger - Copying 3 resources
2026-05-15 17:12:08,458 [Worker-44: Building] WARN  o.e.m.c.i.embedder.EclipseLogger - Using platform encoding (MS949 actually) to copy filtered resources, i.e. build is platform dependent!
2026-05-15 17:12:08,459 [Worker-44: Building] INFO  o.e.m.c.i.embedder.EclipseLogger - Copying 1 resource
2026-05-15 17:12:25,121 [Worker-35: Building] WARN  o.e.m.c.i.embedder.EclipseLogger - Using platform encoding (MS949 actually) to copy filtered resources, i.e. build is platform dependent!
2026-05-15 17:12:25,123 [Worker-35: Building] INFO  o.e.m.c.i.embedder.EclipseLogger - Copying 3 resources
2026-05-15 17:12:25,127 [Worker-35: Building] WARN  o.e.m.c.i.embedder.EclipseLogger - Using platform encoding (MS949 actually) to copy filtered resources, i.e. build is platform dependent!
2026-05-15 17:12:25,128 [Worker-35: Building] INFO  o.e.m.c.i.embedder.EclipseLogger - Copying 1 resource
2026-05-15 17:12:29,430 [Worker-40: Building Project proj03] WARN  o.e.m.c.i.embedder.EclipseLogger - Using platform encoding (MS949 actually) to copy filtered resources, i.e. build is platform dependent!
2026-05-15 17:12:29,431 [Worker-40: Building Project proj03] INFO  o.e.m.c.i.embedder.EclipseLogger - Copying 3 resources
2026-05-15 17:12:29,434 [Worker-40: Building Project proj03] WARN  o.e.m.c.i.embedder.EclipseLogger - Using platform encoding (MS949 actually) to copy filtered resources, i.e. build is platform dependent!
2026-05-15 17:12:29,435 [Worker-40: Building Project proj03] INFO  o.e.m.c.i.embedder.EclipseLogger - Copying 1 resource
2026-05-15 17:12:36,386 [Worker-40: Launching Executing clean in D__proj3_proj03] INFO  o.e.m.i.launch.MavenLaunchDelegate - D:\proj3\proj03
2026-05-15 17:12:36,386 [Worker-40: Launching Executing clean in D__proj3_proj03] INFO  o.e.m.i.launch.MavenLaunchDelegate -  mvn -B clean -Dstyle.color=always
2026-05-15 17:12:45,542 [Worker-45: Updating Maven Project] INFO  o.e.m.c.i.p.ProjectConfigurationManager - Update started
2026-05-15 17:12:45,664 [Worker-45: Updating Maven Project] INFO  o.e.m.c.i.l.LifecycleMappingFactory - Using org.maven.ide.eclipse.wtp.WarLifecycleMapping lifecycle mapping for MavenProject: kr.or:proj3:1.0.0-BUILD-SNAPSHOT @ D:\proj3\proj03\pom.xml.
2026-05-15 17:12:45,709 [Worker-45: Updating Maven Project] WARN  o.e.m.c.i.embedder.EclipseLogger - Failed to retrieve plugin descriptor for org.apache.maven.plugins:maven-eclipse-plugin:2.9: Plugin org.apache.maven.plugins:maven-eclipse-plugin:2.9 or one of its dependencies could not be resolved: Failed to read artifact descriptor for org.apache.maven.plugins:maven-eclipse-plugin:jar:2.9
2026-05-15 17:12:45,711 [Worker-45: Updating Maven Project] WARN  o.e.m.c.i.embedder.EclipseLogger - Failed to retrieve plugin descriptor for org.codehaus.mojo:exec-maven-plugin:1.2.1: Plugin org.codehaus.mojo:exec-maven-plugin:1.2.1 or one of its dependencies could not be resolved: Failed to read artifact descriptor for org.codehaus.mojo:exec-maven-plugin:jar:1.2.1
2026-05-15 17:12:45,713 [Worker-45: Updating Maven Project] WARN  o.e.m.c.i.embedder.EclipseLogger - Failed to retrieve plugin descriptor for org.apache.maven.plugins:maven-eclipse-plugin:2.9: Plugin org.apache.maven.plugins:maven-eclipse-plugin:2.9 or one of its dependencies could not be resolved: Failed to read artifact descriptor for org.apache.maven.plugins:maven-eclipse-plugin:jar:2.9
2026-05-15 17:12:45,714 [Worker-45: Updating Maven Project] WARN  o.e.m.c.i.embedder.EclipseLogger - Failed to retrieve plugin descriptor for org.codehaus.mojo:exec-maven-plugin:1.2.1: Plugin org.codehaus.mojo:exec-maven-plugin:1.2.1 or one of its dependencies could not be resolved: Failed to read artifact descriptor for org.codehaus.mojo:exec-maven-plugin:jar:1.2.1
2026-05-15 17:12:46,192 [Worker-45: Updating Maven Project] INFO  o.e.m.j.i.AbstractJavaProjectConfigurator - Adding source folder /proj03/src/main/java
2026-05-15 17:12:46,192 [Worker-45: Updating Maven Project] INFO  o.e.m.j.i.AbstractJavaProjectConfigurator - Adding resource folder /proj03/src/main/resources
2026-05-15 17:12:46,193 [Worker-45: Updating Maven Project] INFO  o.e.m.j.i.AbstractJavaProjectConfigurator - Adding source folder /proj03/src/test/java
2026-05-15 17:12:46,193 [Worker-45: Updating Maven Project] INFO  o.e.m.j.i.AbstractJavaProjectConfigurator - Adding resource folder /proj03/src/test/resources
2026-05-15 17:12:46,481 [Worker-45: Updating Maven Project] WARN  o.e.m.c.i.embedder.EclipseLogger - Failed to retrieve plugin descriptor for org.apache.maven.plugins:maven-eclipse-plugin:2.9: Plugin org.apache.maven.plugins:maven-eclipse-plugin:2.9 or one of its dependencies could not be resolved: Failed to read artifact descriptor for org.apache.maven.plugins:maven-eclipse-plugin:jar:2.9
2026-05-15 17:12:46,482 [Worker-45: Updating Maven Project] WARN  o.e.m.c.i.embedder.EclipseLogger - Failed to retrieve plugin descriptor for org.codehaus.mojo:exec-maven-plugin:1.2.1: Plugin org.codehaus.mojo:exec-maven-plugin:1.2.1 or one of its dependencies could not be resolved: Failed to read artifact descriptor for org.codehaus.mojo:exec-maven-plugin:jar:1.2.1
2026-05-15 17:12:46,483 [Worker-45: Updating Maven Project] WARN  o.e.m.c.i.embedder.EclipseLogger - Failed to retrieve plugin descriptor for org.apache.maven.plugins:maven-eclipse-plugin:2.9: Plugin org.apache.maven.plugins:maven-eclipse-plugin:2.9 or one of its dependencies could not be resolved: Failed to read artifact descriptor for org.apache.maven.plugins:maven-eclipse-plugin:jar:2.9
2026-05-15 17:12:46,483 [Worker-45: Updating Maven Project] WARN  o.e.m.c.i.embedder.EclipseLogger - Failed to retrieve plugin descriptor for org.codehaus.mojo:exec-maven-plugin:1.2.1: Plugin org.codehaus.mojo:exec-maven-plugin:1.2.1 or one of its dependencies could not be resolved: Failed to read artifact descriptor for org.codehaus.mojo:exec-maven-plugin:jar:1.2.1
2026-05-15 17:12:46,543 [Worker-45: Updating Maven Project] INFO  o.e.m.w.i.f.ResourceFilteringBuildParticipant - Cleaning filtered folder for proj03
2026-05-15 17:12:46,547 [Worker-45: Updating Maven Project] INFO  o.e.m.c.i.p.ProjectConfigurationManager - Update completed: 1 sec
2026-05-15 17:12:50,608 [Worker-45: Building Project proj03] WARN  o.e.m.c.i.embedder.EclipseLogger - Using platform encoding (MS949 actually) to copy filtered resources, i.e. build is platform dependent!
2026-05-15 17:12:50,609 [Worker-45: Building Project proj03] INFO  o.e.m.c.i.embedder.EclipseLogger - Copying 3 resources
2026-05-15 17:12:50,622 [Worker-45: Building Project proj03] WARN  o.e.m.c.i.embedder.EclipseLogger - Using platform encoding (MS949 actually) to copy filtered resources, i.e. build is platform dependent!
2026-05-15 17:12:50,623 [Worker-45: Building Project proj03] INFO  o.e.m.c.i.embedder.EclipseLogger - Copying 1 resource
2026-05-15 17:12:50,624 [Worker-45: Building Project proj03] INFO  o.e.m.w.i.f.ResourceFilteringBuildParticipant - Changed resources require a complete clean of filtered resources of proj03
2026-05-15 17:12:50,625 [Worker-45: Building Project proj03] INFO  o.e.m.w.i.f.ResourceFilteringBuildParticipant - Executing resource filtering for proj03
2026-05-15 17:12:50,626 [Worker-45: Building Project proj03] WARN  o.e.m.c.i.embedder.EclipseLogger - The POM for org.apache.maven.plugins:maven-eclipse-plugin:jar:2.9 is missing, no dependency information available
2026-05-15 17:12:50,627 [Worker-45: Building Project proj03] WARN  o.e.m.c.i.embedder.EclipseLogger - Failed to retrieve plugin descriptor for org.apache.maven.plugins:maven-eclipse-plugin:2.9: Plugin org.apache.maven.plugins:maven-eclipse-plugin:2.9 or one of its dependencies could not be resolved: Cannot access central (https://repo.maven.apache.org/maven2) in offline mode and the artifact org.apache.maven.plugins:maven-eclipse-plugin:jar:2.9 has not been downloaded from it before.
2026-05-15 17:12:50,628 [Worker-45: Building Project proj03] WARN  o.e.m.c.i.embedder.EclipseLogger - The POM for org.codehaus.mojo:exec-maven-plugin:jar:1.2.1 is missing, no dependency information available
2026-05-15 17:12:50,629 [Worker-45: Building Project proj03] WARN  o.e.m.c.i.embedder.EclipseLogger - Failed to retrieve plugin descriptor for org.codehaus.mojo:exec-maven-plugin:1.2.1: Plugin org.codehaus.mojo:exec-maven-plugin:1.2.1 or one of its dependencies could not be resolved: Cannot access central (https://repo.maven.apache.org/maven2) in offline mode and the artifact org.codehaus.mojo:exec-maven-plugin:jar:1.2.1 has not been downloaded from it before.
2026-05-15 17:12:50,630 [Worker-45: Building Project proj03] WARN  o.e.m.c.i.embedder.EclipseLogger - The POM for org.apache.maven.plugins:maven-eclipse-plugin:jar:2.9 is missing, no dependency information available
2026-05-15 17:12:50,630 [Worker-45: Building Project proj03] WARN  o.e.m.c.i.embedder.EclipseLogger - Failed to retrieve plugin descriptor for org.apache.maven.plugins:maven-eclipse-plugin:2.9: Plugin org.apache.maven.plugins:maven-eclipse-plugin:2.9 or one of its dependencies could not be resolved: Cannot access central (https://repo.maven.apache.org/maven2) in offline mode and the artifact org.apache.maven.plugins:maven-eclipse-plugin:jar:2.9 has not been downloaded from it before.
2026-05-15 17:12:50,631 [Worker-45: Building Project proj03] WARN  o.e.m.c.i.embedder.EclipseLogger - The POM for org.codehaus.mojo:exec-maven-plugin:jar:1.2.1 is missing, no dependency information available
2026-05-15 17:12:50,632 [Worker-45: Building Project proj03] WARN  o.e.m.c.i.embedder.EclipseLogger - Failed to retrieve plugin descriptor for org.codehaus.mojo:exec-maven-plugin:1.2.1: Plugin org.codehaus.mojo:exec-maven-plugin:1.2.1 or one of its dependencies could not be resolved: Cannot access central (https://repo.maven.apache.org/maven2) in offline mode and the artifact org.codehaus.mojo:exec-maven-plugin:jar:1.2.1 has not been downloaded from it before.
2026-05-15 17:12:50,634 [Worker-45: Building Project proj03] WARN  o.e.m.c.i.embedder.EclipseLogger - Using platform encoding (MS949 actually) to copy filtered resources, i.e. build is platform dependent!
2026-05-15 17:12:55,935 [Worker-48: Launching Executing clean in D__proj3_proj03] INFO  o.e.m.i.launch.MavenLaunchDelegate - D:\proj3\proj03
2026-05-15 17:12:55,935 [Worker-48: Launching Executing clean in D__proj3_proj03] INFO  o.e.m.i.launch.MavenLaunchDelegate -  mvn -B clean -Dstyle.color=always
2026-05-15 17:12:57,643 [Worker-45: Building] WARN  o.e.m.c.i.embedder.EclipseLogger - Using platform encoding (MS949 actually) to copy filtered resources, i.e. build is platform dependent!
2026-05-15 17:12:57,645 [Worker-45: Building] INFO  o.e.m.c.i.embedder.EclipseLogger - Copying 3 resources
2026-05-15 17:12:57,649 [Worker-45: Building] WARN  o.e.m.c.i.embedder.EclipseLogger - Using platform encoding (MS949 actually) to copy filtered resources, i.e. build is platform dependent!
2026-05-15 17:12:57,650 [Worker-45: Building] INFO  o.e.m.c.i.embedder.EclipseLogger - Copying 1 resource
2026-05-15 17:12:57,650 [Worker-45: Building] INFO  o.e.m.w.i.f.ResourceFilteringBuildParticipant - Changed resources require a complete clean of filtered resources of proj03
2026-05-15 17:12:57,651 [Worker-45: Building] INFO  o.e.m.w.i.f.ResourceFilteringBuildParticipant - Executing resource filtering for proj03
2026-05-15 17:12:57,652 [Worker-45: Building] WARN  o.e.m.c.i.embedder.EclipseLogger - The POM for org.apache.maven.plugins:maven-eclipse-plugin:jar:2.9 is missing, no dependency information available
2026-05-15 17:12:57,653 [Worker-45: Building] WARN  o.e.m.c.i.embedder.EclipseLogger - Failed to retrieve plugin descriptor for org.apache.maven.plugins:maven-eclipse-plugin:2.9: Plugin org.apache.maven.plugins:maven-eclipse-plugin:2.9 or one of its dependencies could not be resolved: Cannot access central (https://repo.maven.apache.org/maven2) in offline mode and the artifact org.apache.maven.plugins:maven-eclipse-plugin:jar:2.9 has not been downloaded from it before.
2026-05-15 17:12:57,653 [Worker-45: Building] WARN  o.e.m.c.i.embedder.EclipseLogger - The POM for org.codehaus.mojo:exec-maven-plugin:jar:1.2.1 is missing, no dependency information available
2026-05-15 17:12:57,654 [Worker-45: Building] WARN  o.e.m.c.i.embedder.EclipseLogger - Failed to retrieve plugin descriptor for org.codehaus.mojo:exec-maven-plugin:1.2.1: Plugin org.codehaus.mojo:exec-maven-plugin:1.2.1 or one of its dependencies could not be resolved: Cannot access central (https://repo.maven.apache.org/maven2) in offline mode and the artifact org.codehaus.mojo:exec-maven-plugin:jar:1.2.1 has not been downloaded from it before.
2026-05-15 17:12:57,655 [Worker-45: Building] WARN  o.e.m.c.i.embedder.EclipseLogger - The POM for org.apache.maven.plugins:maven-eclipse-plugin:jar:2.9 is missing, no dependency information available
2026-05-15 17:12:57,655 [Worker-45: Building] WARN  o.e.m.c.i.embedder.EclipseLogger - Failed to retrieve plugin descriptor for org.apache.maven.plugins:maven-eclipse-plugin:2.9: Plugin org.apache.maven.plugins:maven-eclipse-plugin:2.9 or one of its dependencies could not be resolved: Cannot access central (https://repo.maven.apache.org/maven2) in offline mode and the artifact org.apache.maven.plugins:maven-eclipse-plugin:jar:2.9 has not been downloaded from it before.
2026-05-15 17:12:57,656 [Worker-45: Building] WARN  o.e.m.c.i.embedder.EclipseLogger - The POM for org.codehaus.mojo:exec-maven-plugin:jar:1.2.1 is missing, no dependency information available
2026-05-15 17:12:57,656 [Worker-45: Building] WARN  o.e.m.c.i.embedder.EclipseLogger - Failed to retrieve plugin descriptor for org.codehaus.mojo:exec-maven-plugin:1.2.1: Plugin org.codehaus.mojo:exec-maven-plugin:1.2.1 or one of its dependencies could not be resolved: Cannot access central (https://repo.maven.apache.org/maven2) in offline mode and the artifact org.codehaus.mojo:exec-maven-plugin:jar:1.2.1 has not been downloaded from it before.
2026-05-15 17:12:57,658 [Worker-45: Building] WARN  o.e.m.c.i.embedder.EclipseLogger - Using platform encoding (MS949 actually) to copy filtered resources, i.e. build is platform dependent!
2026-05-15 17:13:01,125 [Worker-51: Launching Executing install in D__proj3_proj03] INFO  o.e.m.i.launch.MavenLaunchDelegate - D:\proj3\proj03
2026-05-15 17:13:01,126 [Worker-51: Launching Executing install in D__proj3_proj03] INFO  o.e.m.i.launch.MavenLaunchDelegate -  mvn -B install -Dstyle.color=always
2026-05-15 17:13:03,748 [Worker-51: Building] WARN  o.e.m.c.i.embedder.EclipseLogger - Using platform encoding (MS949 actually) to copy filtered resources, i.e. build is platform dependent!
2026-05-15 17:13:03,749 [Worker-51: Building] INFO  o.e.m.c.i.embedder.EclipseLogger - Copying 0 resource
2026-05-15 17:13:03,750 [Worker-51: Building] WARN  o.e.m.c.i.embedder.EclipseLogger - Using platform encoding (MS949 actually) to copy filtered resources, i.e. build is platform dependent!
2026-05-15 17:13:03,750 [Worker-51: Building] INFO  o.e.m.c.i.embedder.EclipseLogger - Copying 0 resource
2026-05-15 17:13:27,564 [Worker-42: Building] WARN  o.e.m.c.i.embedder.EclipseLogger - Using platform encoding (MS949 actually) to copy filtered resources, i.e. build is platform dependent!
2026-05-15 17:13:27,566 [Worker-42: Building] INFO  o.e.m.c.i.embedder.EclipseLogger - Copying 3 resources
2026-05-15 17:13:27,571 [Worker-42: Building] WARN  o.e.m.c.i.embedder.EclipseLogger - Using platform encoding (MS949 actually) to copy filtered resources, i.e. build is platform dependent!
2026-05-15 17:13:27,572 [Worker-42: Building] INFO  o.e.m.c.i.embedder.EclipseLogger - Copying 1 resource
2026-05-15 17:13:48,147 [Worker-40: Updating Maven Project] INFO  o.e.m.c.i.p.ProjectConfigurationManager - Update started
2026-05-15 17:13:48,286 [Worker-40: Updating Maven Project] INFO  o.e.m.c.i.l.LifecycleMappingFactory - Using org.maven.ide.eclipse.wtp.WarLifecycleMapping lifecycle mapping for MavenProject: kr.or:proj3:1.0.0-BUILD-SNAPSHOT @ D:\proj3\proj03\pom.xml.
2026-05-15 17:13:48,332 [Worker-40: Updating Maven Project] WARN  o.e.m.c.i.embedder.EclipseLogger - Failed to retrieve plugin descriptor for org.apache.maven.plugins:maven-eclipse-plugin:2.9: Plugin org.apache.maven.plugins:maven-eclipse-plugin:2.9 or one of its dependencies could not be resolved: Failed to read artifact descriptor for org.apache.maven.plugins:maven-eclipse-plugin:jar:2.9
2026-05-15 17:13:48,333 [Worker-40: Updating Maven Project] WARN  o.e.m.c.i.embedder.EclipseLogger - Failed to retrieve plugin descriptor for org.codehaus.mojo:exec-maven-plugin:1.2.1: Plugin org.codehaus.mojo:exec-maven-plugin:1.2.1 or one of its dependencies could not be resolved: Failed to read artifact descriptor for org.codehaus.mojo:exec-maven-plugin:jar:1.2.1
2026-05-15 17:13:48,334 [Worker-40: Updating Maven Project] WARN  o.e.m.c.i.embedder.EclipseLogger - Failed to retrieve plugin descriptor for org.apache.maven.plugins:maven-eclipse-plugin:2.9: Plugin org.apache.maven.plugins:maven-eclipse-plugin:2.9 or one of its dependencies could not be resolved: Failed to read artifact descriptor for org.apache.maven.plugins:maven-eclipse-plugin:jar:2.9
2026-05-15 17:13:48,335 [Worker-40: Updating Maven Project] WARN  o.e.m.c.i.embedder.EclipseLogger - Failed to retrieve plugin descriptor for org.codehaus.mojo:exec-maven-plugin:1.2.1: Plugin org.codehaus.mojo:exec-maven-plugin:1.2.1 or one of its dependencies could not be resolved: Failed to read artifact descriptor for org.codehaus.mojo:exec-maven-plugin:jar:1.2.1
2026-05-15 17:13:48,816 [Worker-40: Updating Maven Project] INFO  o.e.m.j.i.AbstractJavaProjectConfigurator - Adding source folder /proj03/src/main/java
2026-05-15 17:13:48,816 [Worker-40: Updating Maven Project] INFO  o.e.m.j.i.AbstractJavaProjectConfigurator - Adding resource folder /proj03/src/main/resources
2026-05-15 17:13:48,816 [Worker-40: Updating Maven Project] INFO  o.e.m.j.i.AbstractJavaProjectConfigurator - Adding source folder /proj03/src/test/java
2026-05-15 17:13:48,816 [Worker-40: Updating Maven Project] INFO  o.e.m.j.i.AbstractJavaProjectConfigurator - Adding resource folder /proj03/src/test/resources
2026-05-15 17:13:48,971 [Worker-40: Updating Maven Project] WARN  o.e.m.c.i.embedder.EclipseLogger - Failed to retrieve plugin descriptor for org.apache.maven.plugins:maven-eclipse-plugin:2.9: Plugin org.apache.maven.plugins:maven-eclipse-plugin:2.9 or one of its dependencies could not be resolved: Failed to read artifact descriptor for org.apache.maven.plugins:maven-eclipse-plugin:jar:2.9
2026-05-15 17:13:48,972 [Worker-40: Updating Maven Project] WARN  o.e.m.c.i.embedder.EclipseLogger - Failed to retrieve plugin descriptor for org.codehaus.mojo:exec-maven-plugin:1.2.1: Plugin org.codehaus.mojo:exec-maven-plugin:1.2.1 or one of its dependencies could not be resolved: Failed to read artifact descriptor for org.codehaus.mojo:exec-maven-plugin:jar:1.2.1
2026-05-15 17:13:48,974 [Worker-40: Updating Maven Project] WARN  o.e.m.c.i.embedder.EclipseLogger - Failed to retrieve plugin descriptor for org.apache.maven.plugins:maven-eclipse-plugin:2.9: Plugin org.apache.maven.plugins:maven-eclipse-plugin:2.9 or one of its dependencies could not be resolved: Failed to read artifact descriptor for org.apache.maven.plugins:maven-eclipse-plugin:jar:2.9
2026-05-15 17:13:48,974 [Worker-40: Updating Maven Project] WARN  o.e.m.c.i.embedder.EclipseLogger - Failed to retrieve plugin descriptor for org.codehaus.mojo:exec-maven-plugin:1.2.1: Plugin org.codehaus.mojo:exec-maven-plugin:1.2.1 or one of its dependencies could not be resolved: Failed to read artifact descriptor for org.codehaus.mojo:exec-maven-plugin:jar:1.2.1
2026-05-15 17:13:49,041 [Worker-40: Updating Maven Project] INFO  o.e.m.w.i.f.ResourceFilteringBuildParticipant - Cleaning filtered folder for proj03
2026-05-15 17:13:49,044 [Worker-40: Updating Maven Project] INFO  o.e.m.c.i.p.ProjectConfigurationManager - Update completed: 0 sec
2026-05-15 17:13:53,114 [Worker-46: Building] WARN  o.e.m.c.i.embedder.EclipseLogger - Using platform encoding (MS949 actually) to copy filtered resources, i.e. build is platform dependent!
2026-05-15 17:13:53,116 [Worker-46: Building] INFO  o.e.m.c.i.embedder.EclipseLogger - Copying 3 resources
2026-05-15 17:13:53,133 [Worker-46: Building] WARN  o.e.m.c.i.embedder.EclipseLogger - Using platform encoding (MS949 actually) to copy filtered resources, i.e. build is platform dependent!
2026-05-15 17:13:53,134 [Worker-46: Building] INFO  o.e.m.c.i.embedder.EclipseLogger - Copying 1 resource
2026-05-15 17:13:53,135 [Worker-46: Building] INFO  o.e.m.w.i.f.ResourceFilteringBuildParticipant - Changed resources require a complete clean of filtered resources of proj03
2026-05-15 17:13:53,135 [Worker-46: Building] INFO  o.e.m.w.i.f.ResourceFilteringBuildParticipant - Executing resource filtering for proj03
2026-05-15 17:13:53,137 [Worker-46: Building] WARN  o.e.m.c.i.embedder.EclipseLogger - The POM for org.apache.maven.plugins:maven-eclipse-plugin:jar:2.9 is missing, no dependency information available
2026-05-15 17:13:53,138 [Worker-46: Building] WARN  o.e.m.c.i.embedder.EclipseLogger - Failed to retrieve plugin descriptor for org.apache.maven.plugins:maven-eclipse-plugin:2.9: Plugin org.apache.maven.plugins:maven-eclipse-plugin:2.9 or one of its dependencies could not be resolved: Cannot access central (https://repo.maven.apache.org/maven2) in offline mode and the artifact org.apache.maven.plugins:maven-eclipse-plugin:jar:2.9 has not been downloaded from it before.
2026-05-15 17:13:53,139 [Worker-46: Building] WARN  o.e.m.c.i.embedder.EclipseLogger - The POM for org.codehaus.mojo:exec-maven-plugin:jar:1.2.1 is missing, no dependency information available
2026-05-15 17:13:53,140 [Worker-46: Building] WARN  o.e.m.c.i.embedder.EclipseLogger - Failed to retrieve plugin descriptor for org.codehaus.mojo:exec-maven-plugin:1.2.1: Plugin org.codehaus.mojo:exec-maven-plugin:1.2.1 or one of its dependencies could not be resolved: Cannot access central (https://repo.maven.apache.org/maven2) in offline mode and the artifact org.codehaus.mojo:exec-maven-plugin:jar:1.2.1 has not been downloaded from it before.
2026-05-15 17:13:53,141 [Worker-46: Building] WARN  o.e.m.c.i.embedder.EclipseLogger - The POM for org.apache.maven.plugins:maven-eclipse-plugin:jar:2.9 is missing, no dependency information available
2026-05-15 17:13:53,142 [Worker-46: Building] WARN  o.e.m.c.i.embedder.EclipseLogger - Failed to retrieve plugin descriptor for org.apache.maven.plugins:maven-eclipse-plugin:2.9: Plugin org.apache.maven.plugins:maven-eclipse-plugin:2.9 or one of its dependencies could not be resolved: Cannot access central (https://repo.maven.apache.org/maven2) in offline mode and the artifact org.apache.maven.plugins:maven-eclipse-plugin:jar:2.9 has not been downloaded from it before.
2026-05-15 17:13:53,143 [Worker-46: Building] WARN  o.e.m.c.i.embedder.EclipseLogger - The POM for org.codehaus.mojo:exec-maven-plugin:jar:1.2.1 is missing, no dependency information available
2026-05-15 17:13:53,143 [Worker-46: Building] WARN  o.e.m.c.i.embedder.EclipseLogger - Failed to retrieve plugin descriptor for org.codehaus.mojo:exec-maven-plugin:1.2.1: Plugin org.codehaus.mojo:exec-maven-plugin:1.2.1 or one of its dependencies could not be resolved: Cannot access central (https://repo.maven.apache.org/maven2) in offline mode and the artifact org.codehaus.mojo:exec-maven-plugin:jar:1.2.1 has not been downloaded from it before.
2026-05-15 17:13:53,146 [Worker-46: Building] WARN  o.e.m.c.i.embedder.EclipseLogger - Using platform encoding (MS949 actually) to copy filtered resources, i.e. build is platform dependent!
2026-05-15 17:14:02,478 [Worker-43: Building Project proj03] WARN  o.e.m.c.i.embedder.EclipseLogger - Using platform encoding (MS949 actually) to copy filtered resources, i.e. build is platform dependent!
2026-05-15 17:14:02,479 [Worker-43: Building Project proj03] INFO  o.e.m.c.i.embedder.EclipseLogger - Copying 3 resources
2026-05-15 17:14:02,482 [Worker-43: Building Project proj03] WARN  o.e.m.c.i.embedder.EclipseLogger - Using platform encoding (MS949 actually) to copy filtered resources, i.e. build is platform dependent!
2026-05-15 17:14:02,483 [Worker-43: Building Project proj03] INFO  o.e.m.c.i.embedder.EclipseLogger - Copying 1 resource
2026-05-15 17:14:06,403 [Worker-35: Launching Executing install in D__proj3_proj03] INFO  o.e.m.i.launch.MavenLaunchDelegate - D:\proj3\proj03
2026-05-15 17:14:06,403 [Worker-35: Launching Executing install in D__proj3_proj03] INFO  o.e.m.i.launch.MavenLaunchDelegate -  mvn -B install -Dstyle.color=always
2026-05-15 17:14:14,870 [Worker-49: Launching Executing install in D__proj3_proj03] INFO  o.e.m.i.launch.MavenLaunchDelegate - D:\proj3\proj03
2026-05-15 17:14:14,870 [Worker-49: Launching Executing install in D__proj3_proj03] INFO  o.e.m.i.launch.MavenLaunchDelegate -  mvn -B install -Dstyle.color=always
2026-05-15 17:14:19,566 [Worker-43: Launching Executing clean in D__proj3_proj03] INFO  o.e.m.i.launch.MavenLaunchDelegate - D:\proj3\proj03
2026-05-15 17:14:19,567 [Worker-43: Launching Executing clean in D__proj3_proj03] INFO  o.e.m.i.launch.MavenLaunchDelegate -  mvn -B clean -Dstyle.color=always
2026-05-15 17:14:34,179 [Worker-47: Building] WARN  o.e.m.c.i.embedder.EclipseLogger - Using platform encoding (MS949 actually) to copy filtered resources, i.e. build is platform dependent!
2026-05-15 17:14:34,182 [Worker-47: Building] INFO  o.e.m.c.i.embedder.EclipseLogger - Copying 3 resources
2026-05-15 17:14:34,188 [Worker-47: Building] WARN  o.e.m.c.i.embedder.EclipseLogger - Using platform encoding (MS949 actually) to copy filtered resources, i.e. build is platform dependent!
2026-05-15 17:14:34,189 [Worker-47: Building] INFO  o.e.m.c.i.embedder.EclipseLogger - Copying 1 resource
2026-05-15 17:14:52,092 [Worker-44: Building] WARN  o.e.m.c.i.embedder.EclipseLogger - Using platform encoding (MS949 actually) to copy filtered resources, i.e. build is platform dependent!
2026-05-15 17:14:52,093 [Worker-44: Building] INFO  o.e.m.c.i.embedder.EclipseLogger - Copying 0 resource
2026-05-15 17:14:52,094 [Worker-44: Building] WARN  o.e.m.c.i.embedder.EclipseLogger - Using platform encoding (MS949 actually) to copy filtered resources, i.e. build is platform dependent!
2026-05-15 17:14:52,095 [Worker-44: Building] INFO  o.e.m.c.i.embedder.EclipseLogger - Copying 0 resource
2026-05-15 17:14:57,841 [Worker-45: Launching Executing clean in D__proj3_proj03] INFO  o.e.m.i.launch.MavenLaunchDelegate - D:\proj3\proj03
2026-05-15 17:14:57,841 [Worker-45: Launching Executing clean in D__proj3_proj03] INFO  o.e.m.i.launch.MavenLaunchDelegate -  mvn -B clean -Dstyle.color=always
2026-05-15 17:14:59,511 [Worker-51: Building] WARN  o.e.m.c.i.embedder.EclipseLogger - Using platform encoding (MS949 actually) to copy filtered resources, i.e. build is platform dependent!
2026-05-15 17:14:59,513 [Worker-51: Building] INFO  o.e.m.c.i.embedder.EclipseLogger - Copying 3 resources
2026-05-15 17:14:59,516 [Worker-51: Building] WARN  o.e.m.c.i.embedder.EclipseLogger - Using platform encoding (MS949 actually) to copy filtered resources, i.e. build is platform dependent!
2026-05-15 17:14:59,517 [Worker-51: Building] INFO  o.e.m.c.i.embedder.EclipseLogger - Copying 1 resource
2026-05-15 17:14:59,518 [Worker-51: Building] INFO  o.e.m.w.i.f.ResourceFilteringBuildParticipant - Changed resources require a complete clean of filtered resources of proj03
2026-05-15 17:14:59,518 [Worker-51: Building] INFO  o.e.m.w.i.f.ResourceFilteringBuildParticipant - Executing resource filtering for proj03
2026-05-15 17:14:59,519 [Worker-51: Building] WARN  o.e.m.c.i.embedder.EclipseLogger - The POM for org.apache.maven.plugins:maven-eclipse-plugin:jar:2.9 is missing, no dependency information available
2026-05-15 17:14:59,520 [Worker-51: Building] WARN  o.e.m.c.i.embedder.EclipseLogger - Failed to retrieve plugin descriptor for org.apache.maven.plugins:maven-eclipse-plugin:2.9: Plugin org.apache.maven.plugins:maven-eclipse-plugin:2.9 or one of its dependencies could not be resolved: Cannot access central (https://repo.maven.apache.org/maven2) in offline mode and the artifact org.apache.maven.plugins:maven-eclipse-plugin:jar:2.9 has not been downloaded from it before.
2026-05-15 17:14:59,521 [Worker-51: Building] WARN  o.e.m.c.i.embedder.EclipseLogger - The POM for org.codehaus.mojo:exec-maven-plugin:jar:1.2.1 is missing, no dependency information available
2026-05-15 17:14:59,521 [Worker-51: Building] WARN  o.e.m.c.i.embedder.EclipseLogger - Failed to retrieve plugin descriptor for org.codehaus.mojo:exec-maven-plugin:1.2.1: Plugin org.codehaus.mojo:exec-maven-plugin:1.2.1 or one of its dependencies could not be resolved: Cannot access central (https://repo.maven.apache.org/maven2) in offline mode and the artifact org.codehaus.mojo:exec-maven-plugin:jar:1.2.1 has not been downloaded from it before.
2026-05-15 17:14:59,522 [Worker-51: Building] WARN  o.e.m.c.i.embedder.EclipseLogger - The POM for org.apache.maven.plugins:maven-eclipse-plugin:jar:2.9 is missing, no dependency information available
2026-05-15 17:14:59,523 [Worker-51: Building] WARN  o.e.m.c.i.embedder.EclipseLogger - Failed to retrieve plugin descriptor for org.apache.maven.plugins:maven-eclipse-plugin:2.9: Plugin org.apache.maven.plugins:maven-eclipse-plugin:2.9 or one of its dependencies could not be resolved: Cannot access central (https://repo.maven.apache.org/maven2) in offline mode and the artifact org.apache.maven.plugins:maven-eclipse-plugin:jar:2.9 has not been downloaded from it before.
2026-05-15 17:14:59,523 [Worker-51: Building] WARN  o.e.m.c.i.embedder.EclipseLogger - The POM for org.codehaus.mojo:exec-maven-plugin:jar:1.2.1 is missing, no dependency information available
2026-05-15 17:14:59,524 [Worker-51: Building] WARN  o.e.m.c.i.embedder.EclipseLogger - Failed to retrieve plugin descriptor for org.codehaus.mojo:exec-maven-plugin:1.2.1: Plugin org.codehaus.mojo:exec-maven-plugin:1.2.1 or one of its dependencies could not be resolved: Cannot access central (https://repo.maven.apache.org/maven2) in offline mode and the artifact org.codehaus.mojo:exec-maven-plugin:jar:1.2.1 has not been downloaded from it before.
2026-05-15 17:14:59,530 [Worker-51: Building] WARN  o.e.m.c.i.embedder.EclipseLogger - Using platform encoding (MS949 actually) to copy filtered resources, i.e. build is platform dependent!
2026-05-15 17:15:03,955 [Worker-50: Launching Executing install in D__proj3_proj03] INFO  o.e.m.i.launch.MavenLaunchDelegate - D:\proj3\proj03
2026-05-15 17:15:03,956 [Worker-50: Launching Executing install in D__proj3_proj03] INFO  o.e.m.i.launch.MavenLaunchDelegate -  mvn -B install -Dstyle.color=always
2026-05-15 17:15:06,555 [Worker-48: Building] WARN  o.e.m.c.i.embedder.EclipseLogger - Using platform encoding (MS949 actually) to copy filtered resources, i.e. build is platform dependent!
2026-05-15 17:15:06,556 [Worker-48: Building] INFO  o.e.m.c.i.embedder.EclipseLogger - Copying 0 resource
2026-05-15 17:15:06,557 [Worker-48: Building] WARN  o.e.m.c.i.embedder.EclipseLogger - Using platform encoding (MS949 actually) to copy filtered resources, i.e. build is platform dependent!
2026-05-15 17:15:06,557 [Worker-48: Building] INFO  o.e.m.c.i.embedder.EclipseLogger - Copying 0 resource
2026-05-15 17:15:17,803 [Worker-45: Updating Maven Project] INFO  o.e.m.c.i.p.ProjectConfigurationManager - Update started
2026-05-15 17:15:17,963 [Worker-45: Updating Maven Project] INFO  o.e.m.c.i.l.LifecycleMappingFactory - Using org.maven.ide.eclipse.wtp.WarLifecycleMapping lifecycle mapping for MavenProject: kr.or:proj3:1.0.0-BUILD-SNAPSHOT @ D:\proj3\proj03\pom.xml.
2026-05-15 17:15:18,023 [Worker-45: Updating Maven Project] WARN  o.e.m.c.i.embedder.EclipseLogger - Failed to retrieve plugin descriptor for org.apache.maven.plugins:maven-eclipse-plugin:2.9: Plugin org.apache.maven.plugins:maven-eclipse-plugin:2.9 or one of its dependencies could not be resolved: Failed to read artifact descriptor for org.apache.maven.plugins:maven-eclipse-plugin:jar:2.9
2026-05-15 17:15:18,024 [Worker-45: Updating Maven Project] WARN  o.e.m.c.i.embedder.EclipseLogger - Failed to retrieve plugin descriptor for org.codehaus.mojo:exec-maven-plugin:1.2.1: Plugin org.codehaus.mojo:exec-maven-plugin:1.2.1 or one of its dependencies could not be resolved: Failed to read artifact descriptor for org.codehaus.mojo:exec-maven-plugin:jar:1.2.1
2026-05-15 17:15:18,026 [Worker-45: Updating Maven Project] WARN  o.e.m.c.i.embedder.EclipseLogger - Failed to retrieve plugin descriptor for org.apache.maven.plugins:maven-eclipse-plugin:2.9: Plugin org.apache.maven.plugins:maven-eclipse-plugin:2.9 or one of its dependencies could not be resolved: Failed to read artifact descriptor for org.apache.maven.plugins:maven-eclipse-plugin:jar:2.9
2026-05-15 17:15:18,026 [Worker-45: Updating Maven Project] WARN  o.e.m.c.i.embedder.EclipseLogger - Failed to retrieve plugin descriptor for org.codehaus.mojo:exec-maven-plugin:1.2.1: Plugin org.codehaus.mojo:exec-maven-plugin:1.2.1 or one of its dependencies could not be resolved: Failed to read artifact descriptor for org.codehaus.mojo:exec-maven-plugin:jar:1.2.1
2026-05-15 17:15:18,404 [Worker-45: Updating Maven Project] INFO  o.e.m.j.i.AbstractJavaProjectConfigurator - Adding source folder /proj03/src/main/java
2026-05-15 17:15:18,404 [Worker-45: Updating Maven Project] INFO  o.e.m.j.i.AbstractJavaProjectConfigurator - Adding resource folder /proj03/src/main/resources
2026-05-15 17:15:18,404 [Worker-45: Updating Maven Project] INFO  o.e.m.j.i.AbstractJavaProjectConfigurator - Adding source folder /proj03/src/test/java
2026-05-15 17:15:18,404 [Worker-45: Updating Maven Project] INFO  o.e.m.j.i.AbstractJavaProjectConfigurator - Adding resource folder /proj03/src/test/resources
2026-05-15 17:15:18,496 [Worker-45: Updating Maven Project] WARN  o.e.m.c.i.embedder.EclipseLogger - Failed to retrieve plugin descriptor for org.apache.maven.plugins:maven-eclipse-plugin:2.9: Plugin org.apache.maven.plugins:maven-eclipse-plugin:2.9 or one of its dependencies could not be resolved: Failed to read artifact descriptor for org.apache.maven.plugins:maven-eclipse-plugin:jar:2.9
2026-05-15 17:15:18,497 [Worker-45: Updating Maven Project] WARN  o.e.m.c.i.embedder.EclipseLogger - Failed to retrieve plugin descriptor for org.codehaus.mojo:exec-maven-plugin:1.2.1: Plugin org.codehaus.mojo:exec-maven-plugin:1.2.1 or one of its dependencies could not be resolved: Failed to read artifact descriptor for org.codehaus.mojo:exec-maven-plugin:jar:1.2.1
2026-05-15 17:15:18,498 [Worker-45: Updating Maven Project] WARN  o.e.m.c.i.embedder.EclipseLogger - Failed to retrieve plugin descriptor for org.apache.maven.plugins:maven-eclipse-plugin:2.9: Plugin org.apache.maven.plugins:maven-eclipse-plugin:2.9 or one of its dependencies could not be resolved: Failed to read artifact descriptor for org.apache.maven.plugins:maven-eclipse-plugin:jar:2.9
2026-05-15 17:15:18,499 [Worker-45: Updating Maven Project] WARN  o.e.m.c.i.embedder.EclipseLogger - Failed to retrieve plugin descriptor for org.codehaus.mojo:exec-maven-plugin:1.2.1: Plugin org.codehaus.mojo:exec-maven-plugin:1.2.1 or one of its dependencies could not be resolved: Failed to read artifact descriptor for org.codehaus.mojo:exec-maven-plugin:jar:1.2.1
2026-05-15 17:15:18,597 [Worker-45: Updating Maven Project] INFO  o.e.m.w.i.f.ResourceFilteringBuildParticipant - Cleaning filtered folder for proj03
2026-05-15 17:15:18,603 [Worker-45: Updating Maven Project] INFO  o.e.m.c.i.p.ProjectConfigurationManager - Update completed: 0 sec
2026-05-15 17:15:19,525 [Worker-43: Building Project proj03] WARN  o.e.m.c.i.embedder.EclipseLogger - Using platform encoding (MS949 actually) to copy filtered resources, i.e. build is platform dependent!
2026-05-15 17:15:19,526 [Worker-43: Building Project proj03] INFO  o.e.m.c.i.embedder.EclipseLogger - Copying 3 resources
2026-05-15 17:15:19,537 [Worker-43: Building Project proj03] WARN  o.e.m.c.i.embedder.EclipseLogger - Using platform encoding (MS949 actually) to copy filtered resources, i.e. build is platform dependent!
2026-05-15 17:15:19,538 [Worker-43: Building Project proj03] INFO  o.e.m.c.i.embedder.EclipseLogger - Copying 1 resource
2026-05-15 17:15:19,539 [Worker-43: Building Project proj03] INFO  o.e.m.w.i.f.ResourceFilteringBuildParticipant - Changed resources require a complete clean of filtered resources of proj03
2026-05-15 17:15:19,539 [Worker-43: Building Project proj03] INFO  o.e.m.w.i.f.ResourceFilteringBuildParticipant - Executing resource filtering for proj03
2026-05-15 17:15:19,541 [Worker-43: Building Project proj03] WARN  o.e.m.c.i.embedder.EclipseLogger - The POM for org.apache.maven.plugins:maven-eclipse-plugin:jar:2.9 is missing, no dependency information available
2026-05-15 17:15:19,542 [Worker-43: Building Project proj03] WARN  o.e.m.c.i.embedder.EclipseLogger - Failed to retrieve plugin descriptor for org.apache.maven.plugins:maven-eclipse-plugin:2.9: Plugin org.apache.maven.plugins:maven-eclipse-plugin:2.9 or one of its dependencies could not be resolved: Cannot access central (https://repo.maven.apache.org/maven2) in offline mode and the artifact org.apache.maven.plugins:maven-eclipse-plugin:jar:2.9 has not been downloaded from it before.
2026-05-15 17:15:19,543 [Worker-43: Building Project proj03] WARN  o.e.m.c.i.embedder.EclipseLogger - The POM for org.codehaus.mojo:exec-maven-plugin:jar:1.2.1 is missing, no dependency information available
2026-05-15 17:15:19,544 [Worker-43: Building Project proj03] WARN  o.e.m.c.i.embedder.EclipseLogger - Failed to retrieve plugin descriptor for org.codehaus.mojo:exec-maven-plugin:1.2.1: Plugin org.codehaus.mojo:exec-maven-plugin:1.2.1 or one of its dependencies could not be resolved: Cannot access central (https://repo.maven.apache.org/maven2) in offline mode and the artifact org.codehaus.mojo:exec-maven-plugin:jar:1.2.1 has not been downloaded from it before.
2026-05-15 17:15:19,544 [Worker-43: Building Project proj03] WARN  o.e.m.c.i.embedder.EclipseLogger - The POM for org.apache.maven.plugins:maven-eclipse-plugin:jar:2.9 is missing, no dependency information available
2026-05-15 17:15:19,545 [Worker-43: Building Project proj03] WARN  o.e.m.c.i.embedder.EclipseLogger - Failed to retrieve plugin descriptor for org.apache.maven.plugins:maven-eclipse-plugin:2.9: Plugin org.apache.maven.plugins:maven-eclipse-plugin:2.9 or one of its dependencies could not be resolved: Cannot access central (https://repo.maven.apache.org/maven2) in offline mode and the artifact org.apache.maven.plugins:maven-eclipse-plugin:jar:2.9 has not been downloaded from it before.
2026-05-15 17:15:19,546 [Worker-43: Building Project proj03] WARN  o.e.m.c.i.embedder.EclipseLogger - The POM for org.codehaus.mojo:exec-maven-plugin:jar:1.2.1 is missing, no dependency information available
2026-05-15 17:15:19,546 [Worker-43: Building Project proj03] WARN  o.e.m.c.i.embedder.EclipseLogger - Failed to retrieve plugin descriptor for org.codehaus.mojo:exec-maven-plugin:1.2.1: Plugin org.codehaus.mojo:exec-maven-plugin:1.2.1 or one of its dependencies could not be resolved: Cannot access central (https://repo.maven.apache.org/maven2) in offline mode and the artifact org.codehaus.mojo:exec-maven-plugin:jar:1.2.1 has not been downloaded from it before.
2026-05-15 17:15:19,550 [Worker-43: Building Project proj03] WARN  o.e.m.c.i.embedder.EclipseLogger - Using platform encoding (MS949 actually) to copy filtered resources, i.e. build is platform dependent!
2026-05-15 17:15:32,003 [Worker-44: Building] WARN  o.e.m.c.i.embedder.EclipseLogger - Using platform encoding (MS949 actually) to copy filtered resources, i.e. build is platform dependent!
2026-05-15 17:15:32,005 [Worker-44: Building] INFO  o.e.m.c.i.embedder.EclipseLogger - Copying 3 resources
2026-05-15 17:15:32,009 [Worker-44: Building] WARN  o.e.m.c.i.embedder.EclipseLogger - Using platform encoding (MS949 actually) to copy filtered resources, i.e. build is platform dependent!
2026-05-15 17:15:32,010 [Worker-44: Building] INFO  o.e.m.c.i.embedder.EclipseLogger - Copying 1 resource
2026-05-15 17:15:40,355 [Worker-51: Building Project proj03] WARN  o.e.m.c.i.embedder.EclipseLogger - Using platform encoding (MS949 actually) to copy filtered resources, i.e. build is platform dependent!
2026-05-15 17:15:40,356 [Worker-51: Building Project proj03] INFO  o.e.m.c.i.embedder.EclipseLogger - Copying 3 resources
2026-05-15 17:15:40,360 [Worker-51: Building Project proj03] WARN  o.e.m.c.i.embedder.EclipseLogger - Using platform encoding (MS949 actually) to copy filtered resources, i.e. build is platform dependent!
2026-05-15 17:15:40,360 [Worker-51: Building Project proj03] INFO  o.e.m.c.i.embedder.EclipseLogger - Copying 1 resource
2026-05-15 17:15:54,847 [Worker-44: Launching Executing clean in D__proj3_proj03] INFO  o.e.m.i.launch.MavenLaunchDelegate - D:\proj3\proj03
2026-05-15 17:15:54,847 [Worker-44: Launching Executing clean in D__proj3_proj03] INFO  o.e.m.i.launch.MavenLaunchDelegate -  mvn -B clean -Dstyle.color=always
2026-05-15 17:15:56,527 [Worker-42: Building] WARN  o.e.m.c.i.embedder.EclipseLogger - Using platform encoding (MS949 actually) to copy filtered resources, i.e. build is platform dependent!
2026-05-15 17:15:56,528 [Worker-42: Building] INFO  o.e.m.c.i.embedder.EclipseLogger - Copying 3 resources
2026-05-15 17:15:56,531 [Worker-42: Building] WARN  o.e.m.c.i.embedder.EclipseLogger - Using platform encoding (MS949 actually) to copy filtered resources, i.e. build is platform dependent!
2026-05-15 17:15:56,532 [Worker-42: Building] INFO  o.e.m.c.i.embedder.EclipseLogger - Copying 1 resource
2026-05-15 17:15:56,533 [Worker-42: Building] INFO  o.e.m.w.i.f.ResourceFilteringBuildParticipant - Changed resources require a complete clean of filtered resources of proj03
2026-05-15 17:15:56,533 [Worker-42: Building] INFO  o.e.m.w.i.f.ResourceFilteringBuildParticipant - Executing resource filtering for proj03
2026-05-15 17:15:56,535 [Worker-42: Building] WARN  o.e.m.c.i.embedder.EclipseLogger - The POM for org.apache.maven.plugins:maven-eclipse-plugin:jar:2.9 is missing, no dependency information available
2026-05-15 17:15:56,535 [Worker-42: Building] WARN  o.e.m.c.i.embedder.EclipseLogger - Failed to retrieve plugin descriptor for org.apache.maven.plugins:maven-eclipse-plugin:2.9: Plugin org.apache.maven.plugins:maven-eclipse-plugin:2.9 or one of its dependencies could not be resolved: Cannot access central (https://repo.maven.apache.org/maven2) in offline mode and the artifact org.apache.maven.plugins:maven-eclipse-plugin:jar:2.9 has not been downloaded from it before.
2026-05-15 17:15:56,536 [Worker-42: Building] WARN  o.e.m.c.i.embedder.EclipseLogger - The POM for org.codehaus.mojo:exec-maven-plugin:jar:1.2.1 is missing, no dependency information available
2026-05-15 17:15:56,536 [Worker-42: Building] WARN  o.e.m.c.i.embedder.EclipseLogger - Failed to retrieve plugin descriptor for org.codehaus.mojo:exec-maven-plugin:1.2.1: Plugin org.codehaus.mojo:exec-maven-plugin:1.2.1 or one of its dependencies could not be resolved: Cannot access central (https://repo.maven.apache.org/maven2) in offline mode and the artifact org.codehaus.mojo:exec-maven-plugin:jar:1.2.1 has not been downloaded from it before.
2026-05-15 17:15:56,536 [Worker-42: Building] WARN  o.e.m.c.i.embedder.EclipseLogger - The POM for org.apache.maven.plugins:maven-eclipse-plugin:jar:2.9 is missing, no dependency information available
2026-05-15 17:15:56,536 [Worker-42: Building] WARN  o.e.m.c.i.embedder.EclipseLogger - Failed to retrieve plugin descriptor for org.apache.maven.plugins:maven-eclipse-plugin:2.9: Plugin org.apache.maven.plugins:maven-eclipse-plugin:2.9 or one of its dependencies could not be resolved: Cannot access central (https://repo.maven.apache.org/maven2) in offline mode and the artifact org.apache.maven.plugins:maven-eclipse-plugin:jar:2.9 has not been downloaded from it before.
2026-05-15 17:15:56,538 [Worker-42: Building] WARN  o.e.m.c.i.embedder.EclipseLogger - The POM for org.codehaus.mojo:exec-maven-plugin:jar:1.2.1 is missing, no dependency information available
2026-05-15 17:15:56,538 [Worker-42: Building] WARN  o.e.m.c.i.embedder.EclipseLogger - Failed to retrieve plugin descriptor for org.codehaus.mojo:exec-maven-plugin:1.2.1: Plugin org.codehaus.mojo:exec-maven-plugin:1.2.1 or one of its dependencies could not be resolved: Cannot access central (https://repo.maven.apache.org/maven2) in offline mode and the artifact org.codehaus.mojo:exec-maven-plugin:jar:1.2.1 has not been downloaded from it before.
2026-05-15 17:15:56,543 [Worker-42: Building] WARN  o.e.m.c.i.embedder.EclipseLogger - Using platform encoding (MS949 actually) to copy filtered resources, i.e. build is platform dependent!
2026-05-15 17:16:07,339 [Worker-44: Launching Executing install in D__proj3_proj03] INFO  o.e.m.i.launch.MavenLaunchDelegate - D:\proj3\proj03
2026-05-15 17:16:07,340 [Worker-44: Launching Executing install in D__proj3_proj03] INFO  o.e.m.i.launch.MavenLaunchDelegate -  mvn -B install -Dstyle.color=always
2026-05-15 17:16:09,946 [Worker-44: Building] WARN  o.e.m.c.i.embedder.EclipseLogger - Using platform encoding (MS949 actually) to copy filtered resources, i.e. build is platform dependent!
2026-05-15 17:16:09,947 [Worker-44: Building] INFO  o.e.m.c.i.embedder.EclipseLogger - Copying 0 resource
2026-05-15 17:16:09,948 [Worker-44: Building] WARN  o.e.m.c.i.embedder.EclipseLogger - Using platform encoding (MS949 actually) to copy filtered resources, i.e. build is platform dependent!
2026-05-15 17:16:09,949 [Worker-44: Building] INFO  o.e.m.c.i.embedder.EclipseLogger - Copying 0 resource
2026-05-15 17:16:36,237 [Worker-35: Building] WARN  o.e.m.c.i.embedder.EclipseLogger - Using platform encoding (MS949 actually) to copy filtered resources, i.e. build is platform dependent!
2026-05-15 17:16:36,238 [Worker-35: Building] INFO  o.e.m.c.i.embedder.EclipseLogger - Copying 3 resources
2026-05-15 17:16:36,239 [Worker-35: Building] WARN  o.e.m.c.i.embedder.EclipseLogger - Using platform encoding (MS949 actually) to copy filtered resources, i.e. build is platform dependent!
2026-05-15 17:16:36,239 [Worker-35: Building] INFO  o.e.m.c.i.embedder.EclipseLogger - Copying 0 resource
2026-05-15 17:17:49,899 [Worker-48: Building] WARN  o.e.m.c.i.embedder.EclipseLogger - Using platform encoding (MS949 actually) to copy filtered resources, i.e. build is platform dependent!
2026-05-15 17:17:49,900 [Worker-48: Building] INFO  o.e.m.c.i.embedder.EclipseLogger - Copying 3 resources
2026-05-15 17:17:49,903 [Worker-48: Building] WARN  o.e.m.c.i.embedder.EclipseLogger - Using platform encoding (MS949 actually) to copy filtered resources, i.e. build is platform dependent!
2026-05-15 17:17:49,903 [Worker-48: Building] INFO  o.e.m.c.i.embedder.EclipseLogger - Copying 0 resource
2026-05-15 17:17:59,619 [Worker-48: Building] WARN  o.e.m.c.i.embedder.EclipseLogger - Using platform encoding (MS949 actually) to copy filtered resources, i.e. build is platform dependent!
2026-05-15 17:17:59,620 [Worker-48: Building] INFO  o.e.m.c.i.embedder.EclipseLogger - Copying 3 resources
2026-05-15 17:17:59,621 [Worker-48: Building] WARN  o.e.m.c.i.embedder.EclipseLogger - Using platform encoding (MS949 actually) to copy filtered resources, i.e. build is platform dependent!
2026-05-15 17:17:59,622 [Worker-48: Building] INFO  o.e.m.c.i.embedder.EclipseLogger - Copying 0 resource
2026-05-15 17:18:03,205 [Worker-40: Launching Executing install in D__proj3_proj03] INFO  o.e.m.i.launch.MavenLaunchDelegate - D:\proj3\proj03
2026-05-15 17:18:03,205 [Worker-40: Launching Executing install in D__proj3_proj03] INFO  o.e.m.i.launch.MavenLaunchDelegate -  mvn -B install -Dstyle.color=always
2026-05-15 17:18:08,183 [Worker-40: Building] WARN  o.e.m.c.i.embedder.EclipseLogger - Using platform encoding (MS949 actually) to copy filtered resources, i.e. build is platform dependent!
2026-05-15 17:18:08,184 [Worker-40: Building] INFO  o.e.m.c.i.embedder.EclipseLogger - Copying 0 resource
2026-05-15 17:18:08,185 [Worker-40: Building] WARN  o.e.m.c.i.embedder.EclipseLogger - Using platform encoding (MS949 actually) to copy filtered resources, i.e. build is platform dependent!
2026-05-15 17:18:08,185 [Worker-40: Building] INFO  o.e.m.c.i.embedder.EclipseLogger - Copying 0 resource
2026-05-15 17:18:56,018 [Worker-47: Building] WARN  o.e.m.c.i.embedder.EclipseLogger - Using platform encoding (MS949 actually) to copy filtered resources, i.e. build is platform dependent!
2026-05-15 17:18:56,019 [Worker-47: Building] INFO  o.e.m.c.i.embedder.EclipseLogger - Copying 3 resources
2026-05-15 17:18:56,020 [Worker-47: Building] WARN  o.e.m.c.i.embedder.EclipseLogger - Using platform encoding (MS949 actually) to copy filtered resources, i.e. build is platform dependent!
2026-05-15 17:18:56,020 [Worker-47: Building] INFO  o.e.m.c.i.embedder.EclipseLogger - Copying 0 resource
2026-05-15 17:21:52,604 [Worker-54: Building] WARN  o.e.m.c.i.embedder.EclipseLogger - Using platform encoding (MS949 actually) to copy filtered resources, i.e. build is platform dependent!
2026-05-15 17:21:52,606 [Worker-54: Building] INFO  o.e.m.c.i.embedder.EclipseLogger - Copying 3 resources
2026-05-15 17:21:52,607 [Worker-54: Building] WARN  o.e.m.c.i.embedder.EclipseLogger - Using platform encoding (MS949 actually) to copy filtered resources, i.e. build is platform dependent!
2026-05-15 17:21:52,608 [Worker-54: Building] INFO  o.e.m.c.i.embedder.EclipseLogger - Copying 0 resource
2026-05-15 17:22:06,122 [Worker-53: Building] WARN  o.e.m.c.i.embedder.EclipseLogger - Using platform encoding (MS949 actually) to copy filtered resources, i.e. build is platform dependent!
2026-05-15 17:22:06,123 [Worker-53: Building] INFO  o.e.m.c.i.embedder.EclipseLogger - Copying 3 resources
2026-05-15 17:22:06,124 [Worker-53: Building] WARN  o.e.m.c.i.embedder.EclipseLogger - Using platform encoding (MS949 actually) to copy filtered resources, i.e. build is platform dependent!
2026-05-15 17:22:06,125 [Worker-53: Building] INFO  o.e.m.c.i.embedder.EclipseLogger - Copying 0 resource
2026-05-15 17:22:14,545 [Worker-54: Building] WARN  o.e.m.c.i.embedder.EclipseLogger - Using platform encoding (MS949 actually) to copy filtered resources, i.e. build is platform dependent!
2026-05-15 17:22:14,547 [Worker-54: Building] INFO  o.e.m.c.i.embedder.EclipseLogger - Copying 3 resources
2026-05-15 17:22:14,549 [Worker-54: Building] WARN  o.e.m.c.i.embedder.EclipseLogger - Using platform encoding (MS949 actually) to copy filtered resources, i.e. build is platform dependent!
2026-05-15 17:22:14,549 [Worker-54: Building] INFO  o.e.m.c.i.embedder.EclipseLogger - Copying 0 resource
2026-05-15 17:23:51,876 [Worker-50: Building] WARN  o.e.m.c.i.embedder.EclipseLogger - Using platform encoding (MS949 actually) to copy filtered resources, i.e. build is platform dependent!
2026-05-15 17:23:51,877 [Worker-50: Building] INFO  o.e.m.c.i.embedder.EclipseLogger - Copying 0 resource
2026-05-15 17:23:51,879 [Worker-50: Building] WARN  o.e.m.c.i.embedder.EclipseLogger - Using platform encoding (MS949 actually) to copy filtered resources, i.e. build is platform dependent!
2026-05-15 17:23:51,879 [Worker-50: Building] INFO  o.e.m.c.i.embedder.EclipseLogger - Copying 0 resource
2026-05-15 17:24:00,958 [Worker-54: Building] WARN  o.e.m.c.i.embedder.EclipseLogger - Using platform encoding (MS949 actually) to copy filtered resources, i.e. build is platform dependent!
2026-05-15 17:24:00,960 [Worker-54: Building] INFO  o.e.m.c.i.embedder.EclipseLogger - Copying 0 resource
2026-05-15 17:24:00,961 [Worker-54: Building] WARN  o.e.m.c.i.embedder.EclipseLogger - Using platform encoding (MS949 actually) to copy filtered resources, i.e. build is platform dependent!
2026-05-15 17:24:00,963 [Worker-54: Building] INFO  o.e.m.c.i.embedder.EclipseLogger - Copying 0 resource
2026-05-15 17:25:23,856 [Worker-57: Building] WARN  o.e.m.c.i.embedder.EclipseLogger - Using platform encoding (MS949 actually) to copy filtered resources, i.e. build is platform dependent!
2026-05-15 17:25:23,857 [Worker-57: Building] INFO  o.e.m.c.i.embedder.EclipseLogger - Copying 1 resource
2026-05-15 17:25:23,860 [Worker-57: Building] WARN  o.e.m.c.i.embedder.EclipseLogger - Using platform encoding (MS949 actually) to copy filtered resources, i.e. build is platform dependent!
2026-05-15 17:25:23,860 [Worker-57: Building] INFO  o.e.m.c.i.embedder.EclipseLogger - Copying 0 resource
2026-05-15 17:27:07,001 [Worker-54: Building] WARN  o.e.m.c.i.embedder.EclipseLogger - Using platform encoding (MS949 actually) to copy filtered resources, i.e. build is platform dependent!
2026-05-15 17:27:07,002 [Worker-54: Building] INFO  o.e.m.c.i.embedder.EclipseLogger - Copying 1 resource
2026-05-15 17:27:07,004 [Worker-54: Building] WARN  o.e.m.c.i.embedder.EclipseLogger - Using platform encoding (MS949 actually) to copy filtered resources, i.e. build is platform dependent!
2026-05-15 17:27:07,005 [Worker-54: Building] INFO  o.e.m.c.i.embedder.EclipseLogger - Copying 0 resource
2026-05-15 17:27:34,710 [Worker-56: Updating Maven Project] INFO  o.e.m.c.i.p.ProjectConfigurationManager - Update started
2026-05-15 17:27:34,833 [Worker-56: Updating Maven Project] INFO  o.e.m.c.i.l.LifecycleMappingFactory - Using org.maven.ide.eclipse.wtp.WarLifecycleMapping lifecycle mapping for MavenProject: kr.or:proj3:1.0.0-BUILD-SNAPSHOT @ D:\proj3\proj03\pom.xml.
2026-05-15 17:27:34,876 [Worker-56: Updating Maven Project] WARN  o.e.m.c.i.embedder.EclipseLogger - Failed to retrieve plugin descriptor for org.apache.maven.plugins:maven-eclipse-plugin:2.9: Plugin org.apache.maven.plugins:maven-eclipse-plugin:2.9 or one of its dependencies could not be resolved: Failed to read artifact descriptor for org.apache.maven.plugins:maven-eclipse-plugin:jar:2.9
2026-05-15 17:27:34,877 [Worker-56: Updating Maven Project] WARN  o.e.m.c.i.embedder.EclipseLogger - Failed to retrieve plugin descriptor for org.codehaus.mojo:exec-maven-plugin:1.2.1: Plugin org.codehaus.mojo:exec-maven-plugin:1.2.1 or one of its dependencies could not be resolved: Failed to read artifact descriptor for org.codehaus.mojo:exec-maven-plugin:jar:1.2.1
2026-05-15 17:27:34,879 [Worker-56: Updating Maven Project] WARN  o.e.m.c.i.embedder.EclipseLogger - Failed to retrieve plugin descriptor for org.apache.maven.plugins:maven-eclipse-plugin:2.9: Plugin org.apache.maven.plugins:maven-eclipse-plugin:2.9 or one of its dependencies could not be resolved: Failed to read artifact descriptor for org.apache.maven.plugins:maven-eclipse-plugin:jar:2.9
2026-05-15 17:27:34,880 [Worker-56: Updating Maven Project] WARN  o.e.m.c.i.embedder.EclipseLogger - Failed to retrieve plugin descriptor for org.codehaus.mojo:exec-maven-plugin:1.2.1: Plugin org.codehaus.mojo:exec-maven-plugin:1.2.1 or one of its dependencies could not be resolved: Failed to read artifact descriptor for org.codehaus.mojo:exec-maven-plugin:jar:1.2.1
2026-05-15 17:27:35,287 [Worker-56: Updating Maven Project] INFO  o.e.m.j.i.AbstractJavaProjectConfigurator - Adding source folder /proj03/src/main/java
2026-05-15 17:27:35,288 [Worker-56: Updating Maven Project] INFO  o.e.m.j.i.AbstractJavaProjectConfigurator - Adding resource folder /proj03/src/main/resources
2026-05-15 17:27:35,288 [Worker-56: Updating Maven Project] INFO  o.e.m.j.i.AbstractJavaProjectConfigurator - Adding source folder /proj03/src/test/java
2026-05-15 17:27:35,288 [Worker-56: Updating Maven Project] INFO  o.e.m.j.i.AbstractJavaProjectConfigurator - Adding resource folder /proj03/src/test/resources
2026-05-15 17:27:35,388 [Worker-56: Updating Maven Project] WARN  o.e.m.c.i.embedder.EclipseLogger - Failed to retrieve plugin descriptor for org.apache.maven.plugins:maven-eclipse-plugin:2.9: Plugin org.apache.maven.plugins:maven-eclipse-plugin:2.9 or one of its dependencies could not be resolved: Failed to read artifact descriptor for org.apache.maven.plugins:maven-eclipse-plugin:jar:2.9
2026-05-15 17:27:35,389 [Worker-56: Updating Maven Project] WARN  o.e.m.c.i.embedder.EclipseLogger - Failed to retrieve plugin descriptor for org.codehaus.mojo:exec-maven-plugin:1.2.1: Plugin org.codehaus.mojo:exec-maven-plugin:1.2.1 or one of its dependencies could not be resolved: Failed to read artifact descriptor for org.codehaus.mojo:exec-maven-plugin:jar:1.2.1
2026-05-15 17:27:35,390 [Worker-56: Updating Maven Project] WARN  o.e.m.c.i.embedder.EclipseLogger - Failed to retrieve plugin descriptor for org.apache.maven.plugins:maven-eclipse-plugin:2.9: Plugin org.apache.maven.plugins:maven-eclipse-plugin:2.9 or one of its dependencies could not be resolved: Failed to read artifact descriptor for org.apache.maven.plugins:maven-eclipse-plugin:jar:2.9
2026-05-15 17:27:35,391 [Worker-56: Updating Maven Project] WARN  o.e.m.c.i.embedder.EclipseLogger - Failed to retrieve plugin descriptor for org.codehaus.mojo:exec-maven-plugin:1.2.1: Plugin org.codehaus.mojo:exec-maven-plugin:1.2.1 or one of its dependencies could not be resolved: Failed to read artifact descriptor for org.codehaus.mojo:exec-maven-plugin:jar:1.2.1
2026-05-15 17:27:35,490 [Worker-56: Updating Maven Project] INFO  o.e.m.w.i.f.ResourceFilteringBuildParticipant - Cleaning filtered folder for proj03
2026-05-15 17:27:35,493 [Worker-56: Updating Maven Project] INFO  o.e.m.c.i.p.ProjectConfigurationManager - Update completed: 0 sec
2026-05-15 17:27:36,321 [Worker-53: Building Project proj03] WARN  o.e.m.c.i.embedder.EclipseLogger - Using platform encoding (MS949 actually) to copy filtered resources, i.e. build is platform dependent!
2026-05-15 17:27:36,322 [Worker-53: Building Project proj03] INFO  o.e.m.c.i.embedder.EclipseLogger - Copying 3 resources
2026-05-15 17:27:36,334 [Worker-53: Building Project proj03] WARN  o.e.m.c.i.embedder.EclipseLogger - Using platform encoding (MS949 actually) to copy filtered resources, i.e. build is platform dependent!
2026-05-15 17:27:36,336 [Worker-53: Building Project proj03] INFO  o.e.m.c.i.embedder.EclipseLogger - Copying 1 resource
2026-05-15 17:27:36,338 [Worker-53: Building Project proj03] INFO  o.e.m.w.i.f.ResourceFilteringBuildParticipant - Changed resources require a complete clean of filtered resources of proj03
2026-05-15 17:27:36,338 [Worker-53: Building Project proj03] INFO  o.e.m.w.i.f.ResourceFilteringBuildParticipant - Executing resource filtering for proj03
2026-05-15 17:27:36,340 [Worker-53: Building Project proj03] WARN  o.e.m.c.i.embedder.EclipseLogger - The POM for org.apache.maven.plugins:maven-eclipse-plugin:jar:2.9 is missing, no dependency information available
2026-05-15 17:27:36,341 [Worker-53: Building Project proj03] WARN  o.e.m.c.i.embedder.EclipseLogger - Failed to retrieve plugin descriptor for org.apache.maven.plugins:maven-eclipse-plugin:2.9: Plugin org.apache.maven.plugins:maven-eclipse-plugin:2.9 or one of its dependencies could not be resolved: Cannot access central (https://repo.maven.apache.org/maven2) in offline mode and the artifact org.apache.maven.plugins:maven-eclipse-plugin:jar:2.9 has not been downloaded from it before.
2026-05-15 17:27:36,341 [Worker-53: Building Project proj03] WARN  o.e.m.c.i.embedder.EclipseLogger - The POM for org.codehaus.mojo:exec-maven-plugin:jar:1.2.1 is missing, no dependency information available
2026-05-15 17:27:36,342 [Worker-53: Building Project proj03] WARN  o.e.m.c.i.embedder.EclipseLogger - Failed to retrieve plugin descriptor for org.codehaus.mojo:exec-maven-plugin:1.2.1: Plugin org.codehaus.mojo:exec-maven-plugin:1.2.1 or one of its dependencies could not be resolved: Cannot access central (https://repo.maven.apache.org/maven2) in offline mode and the artifact org.codehaus.mojo:exec-maven-plugin:jar:1.2.1 has not been downloaded from it before.
2026-05-15 17:27:36,342 [Worker-53: Building Project proj03] WARN  o.e.m.c.i.embedder.EclipseLogger - The POM for org.apache.maven.plugins:maven-eclipse-plugin:jar:2.9 is missing, no dependency information available
2026-05-15 17:27:36,343 [Worker-53: Building Project proj03] WARN  o.e.m.c.i.embedder.EclipseLogger - Failed to retrieve plugin descriptor for org.apache.maven.plugins:maven-eclipse-plugin:2.9: Plugin org.apache.maven.plugins:maven-eclipse-plugin:2.9 or one of its dependencies could not be resolved: Cannot access central (https://repo.maven.apache.org/maven2) in offline mode and the artifact org.apache.maven.plugins:maven-eclipse-plugin:jar:2.9 has not been downloaded from it before.
2026-05-15 17:27:36,343 [Worker-53: Building Project proj03] WARN  o.e.m.c.i.embedder.EclipseLogger - The POM for org.codehaus.mojo:exec-maven-plugin:jar:1.2.1 is missing, no dependency information available
2026-05-15 17:27:36,344 [Worker-53: Building Project proj03] WARN  o.e.m.c.i.embedder.EclipseLogger - Failed to retrieve plugin descriptor for org.codehaus.mojo:exec-maven-plugin:1.2.1: Plugin org.codehaus.mojo:exec-maven-plugin:1.2.1 or one of its dependencies could not be resolved: Cannot access central (https://repo.maven.apache.org/maven2) in offline mode and the artifact org.codehaus.mojo:exec-maven-plugin:jar:1.2.1 has not been downloaded from it before.
2026-05-15 17:27:36,346 [Worker-53: Building Project proj03] WARN  o.e.m.c.i.embedder.EclipseLogger - Using platform encoding (MS949 actually) to copy filtered resources, i.e. build is platform dependent!
2026-05-16 19:55:45,769 [Worker-8: Loading available Gradle versions] INFO  o.e.b.c.i.u.g.PublishedGradleVersions - Gradle version information cache is out-of-date. Trying to update.
2026-05-16 19:58:02,462 [Worker-0: Building] WARN  o.e.m.c.i.embedder.EclipseLogger - Using platform encoding (MS949 actually) to copy filtered resources, i.e. build is platform dependent!
2026-05-16 19:58:02,468 [Worker-0: Building] INFO  o.e.m.c.i.embedder.EclipseLogger - Copying 3 resources
2026-05-16 19:58:02,514 [Worker-0: Building] WARN  o.e.m.c.i.embedder.EclipseLogger - Using platform encoding (MS949 actually) to copy filtered resources, i.e. build is platform dependent!
2026-05-16 19:58:02,553 [Worker-0: Building] INFO  o.e.m.c.i.embedder.EclipseLogger - Copying 1 resource
2026-05-16 19:58:08,756 [Worker-11: Building] WARN  o.e.m.c.i.embedder.EclipseLogger - Using platform encoding (MS949 actually) to copy filtered resources, i.e. build is platform dependent!
2026-05-16 19:58:08,761 [Worker-11: Building] INFO  o.e.m.c.i.embedder.EclipseLogger - Copying 3 resources
2026-05-16 19:58:08,764 [Worker-11: Building] WARN  o.e.m.c.i.embedder.EclipseLogger - Using platform encoding (MS949 actually) to copy filtered resources, i.e. build is platform dependent!
2026-05-16 19:58:08,764 [Worker-11: Building] INFO  o.e.m.c.i.embedder.EclipseLogger - Copying 0 resource
2026-05-16 19:58:18,167 [Worker-12: Building] WARN  o.e.m.c.i.embedder.EclipseLogger - Using platform encoding (MS949 actually) to copy filtered resources, i.e. build is platform dependent!
2026-05-16 19:58:18,169 [Worker-12: Building] INFO  o.e.m.c.i.embedder.EclipseLogger - Copying 3 resources
2026-05-16 19:58:18,172 [Worker-12: Building] WARN  o.e.m.c.i.embedder.EclipseLogger - Using platform encoding (MS949 actually) to copy filtered resources, i.e. build is platform dependent!
2026-05-16 19:58:18,173 [Worker-12: Building] INFO  o.e.m.c.i.embedder.EclipseLogger - Copying 0 resource
2026-05-16 19:58:36,433 [Worker-13: Building] WARN  o.e.m.c.i.embedder.EclipseLogger - Using platform encoding (MS949 actually) to copy filtered resources, i.e. build is platform dependent!
2026-05-16 19:58:36,434 [Worker-13: Building] INFO  o.e.m.c.i.embedder.EclipseLogger - Copying 3 resources
2026-05-16 19:58:36,436 [Worker-13: Building] WARN  o.e.m.c.i.embedder.EclipseLogger - Using platform encoding (MS949 actually) to copy filtered resources, i.e. build is platform dependent!
2026-05-16 19:58:36,436 [Worker-13: Building] INFO  o.e.m.c.i.embedder.EclipseLogger - Copying 0 resource
2026-05-16 19:58:57,380 [Worker-5: Building] WARN  o.e.m.c.i.embedder.EclipseLogger - Using platform encoding (MS949 actually) to copy filtered resources, i.e. build is platform dependent!
2026-05-16 19:58:57,382 [Worker-5: Building] INFO  o.e.m.c.i.embedder.EclipseLogger - Copying 3 resources
2026-05-16 19:58:57,384 [Worker-5: Building] WARN  o.e.m.c.i.embedder.EclipseLogger - Using platform encoding (MS949 actually) to copy filtered resources, i.e. build is platform dependent!
2026-05-16 19:58:57,385 [Worker-5: Building] INFO  o.e.m.c.i.embedder.EclipseLogger - Copying 0 resource
2026-05-16 19:59:28,393 [Worker-5: Building] WARN  o.e.m.c.i.embedder.EclipseLogger - Using platform encoding (MS949 actually) to copy filtered resources, i.e. build is platform dependent!
2026-05-16 19:59:28,394 [Worker-5: Building] INFO  o.e.m.c.i.embedder.EclipseLogger - Copying 3 resources
2026-05-16 19:59:28,396 [Worker-5: Building] WARN  o.e.m.c.i.embedder.EclipseLogger - Using platform encoding (MS949 actually) to copy filtered resources, i.e. build is platform dependent!
2026-05-16 19:59:28,396 [Worker-5: Building] INFO  o.e.m.c.i.embedder.EclipseLogger - Copying 0 resource
2026-05-16 19:59:43,284 [Worker-13: Building] WARN  o.e.m.c.i.embedder.EclipseLogger - Using platform encoding (MS949 actually) to copy filtered resources, i.e. build is platform dependent!
2026-05-16 19:59:43,286 [Worker-13: Building] INFO  o.e.m.c.i.embedder.EclipseLogger - Copying 3 resources
2026-05-16 19:59:43,288 [Worker-13: Building] WARN  o.e.m.c.i.embedder.EclipseLogger - Using platform encoding (MS949 actually) to copy filtered resources, i.e. build is platform dependent!
2026-05-16 19:59:43,311 [Worker-13: Building] INFO  o.e.m.c.i.embedder.EclipseLogger - Copying 0 resource
2026-05-16 19:59:48,569 [Worker-13: Building] WARN  o.e.m.c.i.embedder.EclipseLogger - Using platform encoding (MS949 actually) to copy filtered resources, i.e. build is platform dependent!
2026-05-16 19:59:48,572 [Worker-13: Building] INFO  o.e.m.c.i.embedder.EclipseLogger - Copying 3 resources
2026-05-16 19:59:48,579 [Worker-13: Building] WARN  o.e.m.c.i.embedder.EclipseLogger - Using platform encoding (MS949 actually) to copy filtered resources, i.e. build is platform dependent!
2026-05-16 19:59:48,581 [Worker-13: Building] INFO  o.e.m.c.i.embedder.EclipseLogger - Copying 0 resource
2026-05-16 20:00:08,202 [Worker-0: Building] WARN  o.e.m.c.i.embedder.EclipseLogger - Using platform encoding (MS949 actually) to copy filtered resources, i.e. build is platform dependent!
2026-05-16 20:00:08,204 [Worker-0: Building] INFO  o.e.m.c.i.embedder.EclipseLogger - Copying 3 resources
2026-05-16 20:00:08,206 [Worker-0: Building] WARN  o.e.m.c.i.embedder.EclipseLogger - Using platform encoding (MS949 actually) to copy filtered resources, i.e. build is platform dependent!
2026-05-16 20:00:08,243 [Worker-0: Building] INFO  o.e.m.c.i.embedder.EclipseLogger - Copying 0 resource
2026-05-16 20:00:21,873 [Worker-13: Building] WARN  o.e.m.c.i.embedder.EclipseLogger - Using platform encoding (MS949 actually) to copy filtered resources, i.e. build is platform dependent!
2026-05-16 20:00:21,875 [Worker-13: Building] INFO  o.e.m.c.i.embedder.EclipseLogger - Copying 3 resources
2026-05-16 20:00:21,877 [Worker-13: Building] WARN  o.e.m.c.i.embedder.EclipseLogger - Using platform encoding (MS949 actually) to copy filtered resources, i.e. build is platform dependent!
2026-05-16 20:00:21,877 [Worker-13: Building] INFO  o.e.m.c.i.embedder.EclipseLogger - Copying 0 resource
2026-05-16 20:00:41,831 [Worker-11: Building] WARN  o.e.m.c.i.embedder.EclipseLogger - Using platform encoding (MS949 actually) to copy filtered resources, i.e. build is platform dependent!
2026-05-16 20:00:41,833 [Worker-11: Building] INFO  o.e.m.c.i.embedder.EclipseLogger - Copying 3 resources
2026-05-16 20:00:41,834 [Worker-11: Building] WARN  o.e.m.c.i.embedder.EclipseLogger - Using platform encoding (MS949 actually) to copy filtered resources, i.e. build is platform dependent!
2026-05-16 20:00:41,865 [Worker-11: Building] INFO  o.e.m.c.i.embedder.EclipseLogger - Copying 0 resource
2026-05-16 20:00:58,523 [Worker-15: Building] WARN  o.e.m.c.i.embedder.EclipseLogger - Using platform encoding (MS949 actually) to copy filtered resources, i.e. build is platform dependent!
2026-05-16 20:00:58,524 [Worker-15: Building] INFO  o.e.m.c.i.embedder.EclipseLogger - Copying 3 resources
2026-05-16 20:00:58,525 [Worker-15: Building] WARN  o.e.m.c.i.embedder.EclipseLogger - Using platform encoding (MS949 actually) to copy filtered resources, i.e. build is platform dependent!
2026-05-16 20:00:58,526 [Worker-15: Building] INFO  o.e.m.c.i.embedder.EclipseLogger - Copying 0 resource
2026-05-16 20:01:06,906 [Worker-6: Building] WARN  o.e.m.c.i.embedder.EclipseLogger - Using platform encoding (MS949 actually) to copy filtered resources, i.e. build is platform dependent!
2026-05-16 20:01:06,908 [Worker-6: Building] INFO  o.e.m.c.i.embedder.EclipseLogger - Copying 3 resources
2026-05-16 20:01:06,909 [Worker-6: Building] WARN  o.e.m.c.i.embedder.EclipseLogger - Using platform encoding (MS949 actually) to copy filtered resources, i.e. build is platform dependent!
2026-05-16 20:01:06,910 [Worker-6: Building] INFO  o.e.m.c.i.embedder.EclipseLogger - Copying 0 resource
2026-05-16 20:01:19,143 [Worker-6: Building] WARN  o.e.m.c.i.embedder.EclipseLogger - Using platform encoding (MS949 actually) to copy filtered resources, i.e. build is platform dependent!
2026-05-16 20:01:19,146 [Worker-6: Building] INFO  o.e.m.c.i.embedder.EclipseLogger - Copying 3 resources
2026-05-16 20:01:19,147 [Worker-6: Building] WARN  o.e.m.c.i.embedder.EclipseLogger - Using platform encoding (MS949 actually) to copy filtered resources, i.e. build is platform dependent!
2026-05-16 20:01:19,148 [Worker-6: Building] INFO  o.e.m.c.i.embedder.EclipseLogger - Copying 0 resource
2026-05-16 20:01:26,613 [Worker-14: Building] WARN  o.e.m.c.i.embedder.EclipseLogger - Using platform encoding (MS949 actually) to copy filtered resources, i.e. build is platform dependent!
2026-05-16 20:01:26,615 [Worker-14: Building] INFO  o.e.m.c.i.embedder.EclipseLogger - Copying 3 resources
2026-05-16 20:01:26,617 [Worker-14: Building] WARN  o.e.m.c.i.embedder.EclipseLogger - Using platform encoding (MS949 actually) to copy filtered resources, i.e. build is platform dependent!
2026-05-16 20:01:26,618 [Worker-14: Building] INFO  o.e.m.c.i.embedder.EclipseLogger - Copying 0 resource
2026-05-16 20:01:38,110 [Worker-0: Building] WARN  o.e.m.c.i.embedder.EclipseLogger - Using platform encoding (MS949 actually) to copy filtered resources, i.e. build is platform dependent!
2026-05-16 20:01:38,112 [Worker-0: Building] INFO  o.e.m.c.i.embedder.EclipseLogger - Copying 3 resources
2026-05-16 20:01:38,116 [Worker-0: Building] WARN  o.e.m.c.i.embedder.EclipseLogger - Using platform encoding (MS949 actually) to copy filtered resources, i.e. build is platform dependent!
2026-05-16 20:01:38,143 [Worker-0: Building] INFO  o.e.m.c.i.embedder.EclipseLogger - Copying 0 resource
2026-05-16 20:01:43,354 [Worker-2: Building] WARN  o.e.m.c.i.embedder.EclipseLogger - Using platform encoding (MS949 actually) to copy filtered resources, i.e. build is platform dependent!
2026-05-16 20:01:43,355 [Worker-2: Building] INFO  o.e.m.c.i.embedder.EclipseLogger - Copying 3 resources
2026-05-16 20:01:43,357 [Worker-2: Building] WARN  o.e.m.c.i.embedder.EclipseLogger - Using platform encoding (MS949 actually) to copy filtered resources, i.e. build is platform dependent!
2026-05-16 20:01:43,357 [Worker-2: Building] INFO  o.e.m.c.i.embedder.EclipseLogger - Copying 0 resource
2026-05-16 20:02:16,038 [Worker-6: Building] WARN  o.e.m.c.i.embedder.EclipseLogger - Using platform encoding (MS949 actually) to copy filtered resources, i.e. build is platform dependent!
2026-05-16 20:02:16,040 [Worker-6: Building] INFO  o.e.m.c.i.embedder.EclipseLogger - Copying 3 resources
2026-05-16 20:02:16,042 [Worker-6: Building] WARN  o.e.m.c.i.embedder.EclipseLogger - Using platform encoding (MS949 actually) to copy filtered resources, i.e. build is platform dependent!
2026-05-16 20:02:16,074 [Worker-6: Building] INFO  o.e.m.c.i.embedder.EclipseLogger - Copying 0 resource
2026-05-16 20:02:24,540 [Worker-0: Building] WARN  o.e.m.c.i.embedder.EclipseLogger - Using platform encoding (MS949 actually) to copy filtered resources, i.e. build is platform dependent!
2026-05-16 20:02:24,541 [Worker-0: Building] INFO  o.e.m.c.i.embedder.EclipseLogger - Copying 3 resources
2026-05-16 20:02:24,542 [Worker-0: Building] WARN  o.e.m.c.i.embedder.EclipseLogger - Using platform encoding (MS949 actually) to copy filtered resources, i.e. build is platform dependent!
2026-05-16 20:02:24,543 [Worker-0: Building] INFO  o.e.m.c.i.embedder.EclipseLogger - Copying 0 resource
2026-05-16 20:02:28,743 [Worker-2: Building] WARN  o.e.m.c.i.embedder.EclipseLogger - Using platform encoding (MS949 actually) to copy filtered resources, i.e. build is platform dependent!
2026-05-16 20:02:28,744 [Worker-2: Building] INFO  o.e.m.c.i.embedder.EclipseLogger - Copying 3 resources
2026-05-16 20:02:28,745 [Worker-2: Building] WARN  o.e.m.c.i.embedder.EclipseLogger - Using platform encoding (MS949 actually) to copy filtered resources, i.e. build is platform dependent!
2026-05-16 20:02:28,746 [Worker-2: Building] INFO  o.e.m.c.i.embedder.EclipseLogger - Copying 0 resource
2026-05-16 20:02:50,395 [Worker-2: Building] WARN  o.e.m.c.i.embedder.EclipseLogger - Using platform encoding (MS949 actually) to copy filtered resources, i.e. build is platform dependent!
2026-05-16 20:02:50,396 [Worker-2: Building] INFO  o.e.m.c.i.embedder.EclipseLogger - Copying 3 resources
2026-05-16 20:02:50,397 [Worker-2: Building] WARN  o.e.m.c.i.embedder.EclipseLogger - Using platform encoding (MS949 actually) to copy filtered resources, i.e. build is platform dependent!
2026-05-16 20:02:50,398 [Worker-2: Building] INFO  o.e.m.c.i.embedder.EclipseLogger - Copying 0 resource
2026-05-16 20:03:10,234 [Worker-14: Building] WARN  o.e.m.c.i.embedder.EclipseLogger - Using platform encoding (MS949 actually) to copy filtered resources, i.e. build is platform dependent!
2026-05-16 20:03:10,235 [Worker-14: Building] INFO  o.e.m.c.i.embedder.EclipseLogger - Copying 3 resources
2026-05-16 20:03:10,236 [Worker-14: Building] WARN  o.e.m.c.i.embedder.EclipseLogger - Using platform encoding (MS949 actually) to copy filtered resources, i.e. build is platform dependent!
2026-05-16 20:03:10,237 [Worker-14: Building] INFO  o.e.m.c.i.embedder.EclipseLogger - Copying 0 resource
2026-05-16 20:03:26,446 [Worker-15: Building] WARN  o.e.m.c.i.embedder.EclipseLogger - Using platform encoding (MS949 actually) to copy filtered resources, i.e. build is platform dependent!
2026-05-16 20:03:26,447 [Worker-15: Building] INFO  o.e.m.c.i.embedder.EclipseLogger - Copying 3 resources
2026-05-16 20:03:26,448 [Worker-15: Building] WARN  o.e.m.c.i.embedder.EclipseLogger - Using platform encoding (MS949 actually) to copy filtered resources, i.e. build is platform dependent!
2026-05-16 20:03:26,448 [Worker-15: Building] INFO  o.e.m.c.i.embedder.EclipseLogger - Copying 0 resource
2026-05-16 20:03:28,564 [Worker-15: Building] WARN  o.e.m.c.i.embedder.EclipseLogger - Using platform encoding (MS949 actually) to copy filtered resources, i.e. build is platform dependent!
2026-05-16 20:03:28,565 [Worker-15: Building] INFO  o.e.m.c.i.embedder.EclipseLogger - Copying 3 resources
2026-05-16 20:03:28,566 [Worker-15: Building] WARN  o.e.m.c.i.embedder.EclipseLogger - Using platform encoding (MS949 actually) to copy filtered resources, i.e. build is platform dependent!
2026-05-16 20:03:28,567 [Worker-15: Building] INFO  o.e.m.c.i.embedder.EclipseLogger - Copying 0 resource
2026-05-16 20:03:48,455 [Worker-11: Building] WARN  o.e.m.c.i.embedder.EclipseLogger - Using platform encoding (MS949 actually) to copy filtered resources, i.e. build is platform dependent!
2026-05-16 20:03:48,456 [Worker-11: Building] INFO  o.e.m.c.i.embedder.EclipseLogger - Copying 3 resources
2026-05-16 20:03:48,457 [Worker-11: Building] WARN  o.e.m.c.i.embedder.EclipseLogger - Using platform encoding (MS949 actually) to copy filtered resources, i.e. build is platform dependent!
2026-05-16 20:03:48,492 [Worker-11: Building] INFO  o.e.m.c.i.embedder.EclipseLogger - Copying 0 resource
2026-05-16 20:04:40,604 [Worker-6: Building] WARN  o.e.m.c.i.embedder.EclipseLogger - Using platform encoding (MS949 actually) to copy filtered resources, i.e. build is platform dependent!
2026-05-16 20:04:40,605 [Worker-6: Building] INFO  o.e.m.c.i.embedder.EclipseLogger - Copying 3 resources
2026-05-16 20:04:40,607 [Worker-6: Building] WARN  o.e.m.c.i.embedder.EclipseLogger - Using platform encoding (MS949 actually) to copy filtered resources, i.e. build is platform dependent!
2026-05-16 20:04:40,638 [Worker-6: Building] INFO  o.e.m.c.i.embedder.EclipseLogger - Copying 0 resource
2026-05-16 20:04:43,076 [Worker-13: Building] WARN  o.e.m.c.i.embedder.EclipseLogger - Using platform encoding (MS949 actually) to copy filtered resources, i.e. build is platform dependent!
2026-05-16 20:04:43,077 [Worker-13: Building] INFO  o.e.m.c.i.embedder.EclipseLogger - Copying 3 resources
2026-05-16 20:04:43,078 [Worker-13: Building] WARN  o.e.m.c.i.embedder.EclipseLogger - Using platform encoding (MS949 actually) to copy filtered resources, i.e. build is platform dependent!
2026-05-16 20:04:43,079 [Worker-13: Building] INFO  o.e.m.c.i.embedder.EclipseLogger - Copying 0 resource
2026-05-16 20:05:01,388 [Worker-13: Building] WARN  o.e.m.c.i.embedder.EclipseLogger - Using platform encoding (MS949 actually) to copy filtered resources, i.e. build is platform dependent!
2026-05-16 20:05:01,390 [Worker-13: Building] INFO  o.e.m.c.i.embedder.EclipseLogger - Copying 3 resources
2026-05-16 20:05:01,391 [Worker-13: Building] WARN  o.e.m.c.i.embedder.EclipseLogger - Using platform encoding (MS949 actually) to copy filtered resources, i.e. build is platform dependent!
2026-05-16 20:05:01,392 [Worker-13: Building] INFO  o.e.m.c.i.embedder.EclipseLogger - Copying 0 resource
2026-05-16 20:05:20,560 [Worker-5: Building] WARN  o.e.m.c.i.embedder.EclipseLogger - Using platform encoding (MS949 actually) to copy filtered resources, i.e. build is platform dependent!
2026-05-16 20:05:20,562 [Worker-5: Building] INFO  o.e.m.c.i.embedder.EclipseLogger - Copying 3 resources
2026-05-16 20:05:20,563 [Worker-5: Building] WARN  o.e.m.c.i.embedder.EclipseLogger - Using platform encoding (MS949 actually) to copy filtered resources, i.e. build is platform dependent!
2026-05-16 20:05:20,564 [Worker-5: Building] INFO  o.e.m.c.i.embedder.EclipseLogger - Copying 0 resource
2026-05-16 20:05:34,023 [Worker-0: Building] WARN  o.e.m.c.i.embedder.EclipseLogger - Using platform encoding (MS949 actually) to copy filtered resources, i.e. build is platform dependent!
2026-05-16 20:05:34,024 [Worker-0: Building] INFO  o.e.m.c.i.embedder.EclipseLogger - Copying 3 resources
2026-05-16 20:05:34,026 [Worker-0: Building] WARN  o.e.m.c.i.embedder.EclipseLogger - Using platform encoding (MS949 actually) to copy filtered resources, i.e. build is platform dependent!
2026-05-16 20:05:34,026 [Worker-0: Building] INFO  o.e.m.c.i.embedder.EclipseLogger - Copying 0 resource
2026-05-16 20:05:35,795 [Worker-6: Building] WARN  o.e.m.c.i.embedder.EclipseLogger - Using platform encoding (MS949 actually) to copy filtered resources, i.e. build is platform dependent!
2026-05-16 20:05:35,796 [Worker-6: Building] INFO  o.e.m.c.i.embedder.EclipseLogger - Copying 3 resources
2026-05-16 20:05:35,797 [Worker-6: Building] WARN  o.e.m.c.i.embedder.EclipseLogger - Using platform encoding (MS949 actually) to copy filtered resources, i.e. build is platform dependent!
2026-05-16 20:05:35,798 [Worker-6: Building] INFO  o.e.m.c.i.embedder.EclipseLogger - Copying 0 resource
2026-05-16 20:07:56,942 [Worker-18: Building] WARN  o.e.m.c.i.embedder.EclipseLogger - Using platform encoding (MS949 actually) to copy filtered resources, i.e. build is platform dependent!
2026-05-16 20:07:56,943 [Worker-18: Building] INFO  o.e.m.c.i.embedder.EclipseLogger - Copying 3 resources
2026-05-16 20:07:56,945 [Worker-18: Building] WARN  o.e.m.c.i.embedder.EclipseLogger - Using platform encoding (MS949 actually) to copy filtered resources, i.e. build is platform dependent!
2026-05-16 20:07:56,945 [Worker-18: Building] INFO  o.e.m.c.i.embedder.EclipseLogger - Copying 0 resource
2026-05-16 20:07:58,993 [Worker-18: Building] WARN  o.e.m.c.i.embedder.EclipseLogger - Using platform encoding (MS949 actually) to copy filtered resources, i.e. build is platform dependent!
2026-05-16 20:07:58,995 [Worker-18: Building] INFO  o.e.m.c.i.embedder.EclipseLogger - Copying 3 resources
2026-05-16 20:07:58,996 [Worker-18: Building] WARN  o.e.m.c.i.embedder.EclipseLogger - Using platform encoding (MS949 actually) to copy filtered resources, i.e. build is platform dependent!
2026-05-16 20:07:58,996 [Worker-18: Building] INFO  o.e.m.c.i.embedder.EclipseLogger - Copying 0 resource
2026-05-16 20:09:12,340 [Worker-11: Building] WARN  o.e.m.c.i.embedder.EclipseLogger - Using platform encoding (MS949 actually) to copy filtered resources, i.e. build is platform dependent!
2026-05-16 20:09:12,341 [Worker-11: Building] INFO  o.e.m.c.i.embedder.EclipseLogger - Copying 3 resources
2026-05-16 20:09:12,343 [Worker-11: Building] WARN  o.e.m.c.i.embedder.EclipseLogger - Using platform encoding (MS949 actually) to copy filtered resources, i.e. build is platform dependent!
2026-05-16 20:09:12,343 [Worker-11: Building] INFO  o.e.m.c.i.embedder.EclipseLogger - Copying 0 resource
2026-05-16 20:09:14,480 [Worker-17: Building] WARN  o.e.m.c.i.embedder.EclipseLogger - Using platform encoding (MS949 actually) to copy filtered resources, i.e. build is platform dependent!
2026-05-16 20:09:14,482 [Worker-17: Building] INFO  o.e.m.c.i.embedder.EclipseLogger - Copying 3 resources
2026-05-16 20:09:14,483 [Worker-17: Building] WARN  o.e.m.c.i.embedder.EclipseLogger - Using platform encoding (MS949 actually) to copy filtered resources, i.e. build is platform dependent!
2026-05-16 20:09:14,484 [Worker-17: Building] INFO  o.e.m.c.i.embedder.EclipseLogger - Copying 0 resource
2026-05-16 20:09:23,023 [Worker-18: Building] WARN  o.e.m.c.i.embedder.EclipseLogger - Using platform encoding (MS949 actually) to copy filtered resources, i.e. build is platform dependent!
2026-05-16 20:09:23,025 [Worker-18: Building] INFO  o.e.m.c.i.embedder.EclipseLogger - Copying 3 resources
2026-05-16 20:09:23,027 [Worker-18: Building] WARN  o.e.m.c.i.embedder.EclipseLogger - Using platform encoding (MS949 actually) to copy filtered resources, i.e. build is platform dependent!
2026-05-16 20:09:23,027 [Worker-18: Building] INFO  o.e.m.c.i.embedder.EclipseLogger - Copying 0 resource
2026-05-16 20:09:30,934 [Worker-11: Building] WARN  o.e.m.c.i.embedder.EclipseLogger - Using platform encoding (MS949 actually) to copy filtered resources, i.e. build is platform dependent!
2026-05-16 20:09:30,935 [Worker-11: Building] INFO  o.e.m.c.i.embedder.EclipseLogger - Copying 3 resources
2026-05-16 20:09:30,937 [Worker-11: Building] WARN  o.e.m.c.i.embedder.EclipseLogger - Using platform encoding (MS949 actually) to copy filtered resources, i.e. build is platform dependent!
2026-05-16 20:09:30,937 [Worker-11: Building] INFO  o.e.m.c.i.embedder.EclipseLogger - Copying 0 resource
2026-05-16 20:09:37,978 [Worker-18: Building] WARN  o.e.m.c.i.embedder.EclipseLogger - Using platform encoding (MS949 actually) to copy filtered resources, i.e. build is platform dependent!
2026-05-16 20:09:37,979 [Worker-18: Building] INFO  o.e.m.c.i.embedder.EclipseLogger - Copying 3 resources
2026-05-16 20:09:37,980 [Worker-18: Building] WARN  o.e.m.c.i.embedder.EclipseLogger - Using platform encoding (MS949 actually) to copy filtered resources, i.e. build is platform dependent!
2026-05-16 20:09:37,981 [Worker-18: Building] INFO  o.e.m.c.i.embedder.EclipseLogger - Copying 0 resource
2026-05-16 20:09:45,315 [Worker-11: Building] WARN  o.e.m.c.i.embedder.EclipseLogger - Using platform encoding (MS949 actually) to copy filtered resources, i.e. build is platform dependent!
2026-05-16 20:09:45,316 [Worker-11: Building] INFO  o.e.m.c.i.embedder.EclipseLogger - Copying 3 resources
2026-05-16 20:09:45,318 [Worker-11: Building] WARN  o.e.m.c.i.embedder.EclipseLogger - Using platform encoding (MS949 actually) to copy filtered resources, i.e. build is platform dependent!
2026-05-16 20:09:45,319 [Worker-11: Building] INFO  o.e.m.c.i.embedder.EclipseLogger - Copying 0 resource
2026-05-16 20:15:05,897 [Worker-19: Building] WARN  o.e.m.c.i.embedder.EclipseLogger - Using platform encoding (MS949 actually) to copy filtered resources, i.e. build is platform dependent!
2026-05-16 20:15:05,899 [Worker-19: Building] INFO  o.e.m.c.i.embedder.EclipseLogger - Copying 3 resources
2026-05-16 20:15:05,899 [Worker-19: Building] WARN  o.e.m.c.i.embedder.EclipseLogger - Using platform encoding (MS949 actually) to copy filtered resources, i.e. build is platform dependent!
2026-05-16 20:15:05,931 [Worker-19: Building] INFO  o.e.m.c.i.embedder.EclipseLogger - Copying 0 resource
2026-05-16 20:15:12,310 [Worker-23: Building] WARN  o.e.m.c.i.embedder.EclipseLogger - Using platform encoding (MS949 actually) to copy filtered resources, i.e. build is platform dependent!
2026-05-16 20:15:12,311 [Worker-23: Building] INFO  o.e.m.c.i.embedder.EclipseLogger - Copying 3 resources
2026-05-16 20:15:12,313 [Worker-23: Building] WARN  o.e.m.c.i.embedder.EclipseLogger - Using platform encoding (MS949 actually) to copy filtered resources, i.e. build is platform dependent!
2026-05-16 20:15:12,313 [Worker-23: Building] INFO  o.e.m.c.i.embedder.EclipseLogger - Copying 0 resource
2026-05-16 20:16:08,938 [Worker-19: Building] WARN  o.e.m.c.i.embedder.EclipseLogger - Using platform encoding (MS949 actually) to copy filtered resources, i.e. build is platform dependent!
2026-05-16 20:16:08,939 [Worker-19: Building] INFO  o.e.m.c.i.embedder.EclipseLogger - Copying 3 resources
2026-05-16 20:16:08,941 [Worker-19: Building] WARN  o.e.m.c.i.embedder.EclipseLogger - Using platform encoding (MS949 actually) to copy filtered resources, i.e. build is platform dependent!
2026-05-16 20:16:08,942 [Worker-19: Building] INFO  o.e.m.c.i.embedder.EclipseLogger - Copying 0 resource
2026-05-16 20:16:16,333 [Worker-18: Building] WARN  o.e.m.c.i.embedder.EclipseLogger - Using platform encoding (MS949 actually) to copy filtered resources, i.e. build is platform dependent!
2026-05-16 20:16:16,334 [Worker-18: Building] INFO  o.e.m.c.i.embedder.EclipseLogger - Copying 3 resources
2026-05-16 20:16:16,335 [Worker-18: Building] WARN  o.e.m.c.i.embedder.EclipseLogger - Using platform encoding (MS949 actually) to copy filtered resources, i.e. build is platform dependent!
2026-05-16 20:16:16,336 [Worker-18: Building] INFO  o.e.m.c.i.embedder.EclipseLogger - Copying 0 resource
2026-05-16 20:16:19,962 [Worker-21: Building] WARN  o.e.m.c.i.embedder.EclipseLogger - Using platform encoding (MS949 actually) to copy filtered resources, i.e. build is platform dependent!
2026-05-16 20:16:19,963 [Worker-21: Building] INFO  o.e.m.c.i.embedder.EclipseLogger - Copying 3 resources
2026-05-16 20:16:19,964 [Worker-21: Building] WARN  o.e.m.c.i.embedder.EclipseLogger - Using platform encoding (MS949 actually) to copy filtered resources, i.e. build is platform dependent!
2026-05-16 20:16:19,965 [Worker-21: Building] INFO  o.e.m.c.i.embedder.EclipseLogger - Copying 0 resource
2026-05-16 20:16:41,055 [Worker-23: Building] WARN  o.e.m.c.i.embedder.EclipseLogger - Using platform encoding (MS949 actually) to copy filtered resources, i.e. build is platform dependent!
2026-05-16 20:16:41,056 [Worker-23: Building] INFO  o.e.m.c.i.embedder.EclipseLogger - Copying 3 resources
2026-05-16 20:16:41,057 [Worker-23: Building] WARN  o.e.m.c.i.embedder.EclipseLogger - Using platform encoding (MS949 actually) to copy filtered resources, i.e. build is platform dependent!
2026-05-16 20:16:41,058 [Worker-23: Building] INFO  o.e.m.c.i.embedder.EclipseLogger - Copying 0 resource
2026-05-16 20:17:01,340 [Worker-24: Building] WARN  o.e.m.c.i.embedder.EclipseLogger - Using platform encoding (MS949 actually) to copy filtered resources, i.e. build is platform dependent!
2026-05-16 20:17:01,341 [Worker-24: Building] INFO  o.e.m.c.i.embedder.EclipseLogger - Copying 3 resources
2026-05-16 20:17:01,342 [Worker-24: Building] WARN  o.e.m.c.i.embedder.EclipseLogger - Using platform encoding (MS949 actually) to copy filtered resources, i.e. build is platform dependent!
2026-05-16 20:17:01,343 [Worker-24: Building] INFO  o.e.m.c.i.embedder.EclipseLogger - Copying 0 resource
2026-05-16 20:17:24,184 [Worker-24: Building] WARN  o.e.m.c.i.embedder.EclipseLogger - Using platform encoding (MS949 actually) to copy filtered resources, i.e. build is platform dependent!
2026-05-16 20:17:24,185 [Worker-24: Building] INFO  o.e.m.c.i.embedder.EclipseLogger - Copying 3 resources
2026-05-16 20:17:24,186 [Worker-24: Building] WARN  o.e.m.c.i.embedder.EclipseLogger - Using platform encoding (MS949 actually) to copy filtered resources, i.e. build is platform dependent!
2026-05-16 20:17:24,187 [Worker-24: Building] INFO  o.e.m.c.i.embedder.EclipseLogger - Copying 0 resource
2026-05-16 20:18:00,170 [Worker-22: Building] WARN  o.e.m.c.i.embedder.EclipseLogger - Using platform encoding (MS949 actually) to copy filtered resources, i.e. build is platform dependent!
2026-05-16 20:18:00,171 [Worker-22: Building] INFO  o.e.m.c.i.embedder.EclipseLogger - Copying 3 resources
2026-05-16 20:18:00,172 [Worker-22: Building] WARN  o.e.m.c.i.embedder.EclipseLogger - Using platform encoding (MS949 actually) to copy filtered resources, i.e. build is platform dependent!
2026-05-16 20:18:00,173 [Worker-22: Building] INFO  o.e.m.c.i.embedder.EclipseLogger - Copying 0 resource
2026-05-16 20:18:16,606 [Worker-22: Building] WARN  o.e.m.c.i.embedder.EclipseLogger - Using platform encoding (MS949 actually) to copy filtered resources, i.e. build is platform dependent!
2026-05-16 20:18:16,607 [Worker-22: Building] INFO  o.e.m.c.i.embedder.EclipseLogger - Copying 3 resources
2026-05-16 20:18:16,608 [Worker-22: Building] WARN  o.e.m.c.i.embedder.EclipseLogger - Using platform encoding (MS949 actually) to copy filtered resources, i.e. build is platform dependent!
2026-05-16 20:18:16,609 [Worker-22: Building] INFO  o.e.m.c.i.embedder.EclipseLogger - Copying 0 resource
2026-05-16 20:18:38,872 [Worker-22: Building] WARN  o.e.m.c.i.embedder.EclipseLogger - Using platform encoding (MS949 actually) to copy filtered resources, i.e. build is platform dependent!
2026-05-16 20:18:38,873 [Worker-22: Building] INFO  o.e.m.c.i.embedder.EclipseLogger - Copying 3 resources
2026-05-16 20:18:38,875 [Worker-22: Building] WARN  o.e.m.c.i.embedder.EclipseLogger - Using platform encoding (MS949 actually) to copy filtered resources, i.e. build is platform dependent!
2026-05-16 20:18:38,875 [Worker-22: Building] INFO  o.e.m.c.i.embedder.EclipseLogger - Copying 0 resource
2026-05-16 20:18:43,529 [Worker-22: Building] WARN  o.e.m.c.i.embedder.EclipseLogger - Using platform encoding (MS949 actually) to copy filtered resources, i.e. build is platform dependent!
2026-05-16 20:18:43,530 [Worker-22: Building] INFO  o.e.m.c.i.embedder.EclipseLogger - Copying 3 resources
2026-05-16 20:18:43,531 [Worker-22: Building] WARN  o.e.m.c.i.embedder.EclipseLogger - Using platform encoding (MS949 actually) to copy filtered resources, i.e. build is platform dependent!
2026-05-16 20:18:43,532 [Worker-22: Building] INFO  o.e.m.c.i.embedder.EclipseLogger - Copying 0 resource
2026-05-16 20:19:03,155 [Worker-18: Building] WARN  o.e.m.c.i.embedder.EclipseLogger - Using platform encoding (MS949 actually) to copy filtered resources, i.e. build is platform dependent!
2026-05-16 20:19:03,156 [Worker-18: Building] INFO  o.e.m.c.i.embedder.EclipseLogger - Copying 3 resources
2026-05-16 20:19:03,158 [Worker-18: Building] WARN  o.e.m.c.i.embedder.EclipseLogger - Using platform encoding (MS949 actually) to copy filtered resources, i.e. build is platform dependent!
2026-05-16 20:19:03,159 [Worker-18: Building] INFO  o.e.m.c.i.embedder.EclipseLogger - Copying 0 resource
2026-05-16 20:19:27,351 [Worker-18: Building] WARN  o.e.m.c.i.embedder.EclipseLogger - Using platform encoding (MS949 actually) to copy filtered resources, i.e. build is platform dependent!
2026-05-16 20:19:27,352 [Worker-18: Building] INFO  o.e.m.c.i.embedder.EclipseLogger - Copying 3 resources
2026-05-16 20:19:27,353 [Worker-18: Building] WARN  o.e.m.c.i.embedder.EclipseLogger - Using platform encoding (MS949 actually) to copy filtered resources, i.e. build is platform dependent!
2026-05-16 20:19:27,385 [Worker-18: Building] INFO  o.e.m.c.i.embedder.EclipseLogger - Copying 0 resource
2026-05-16 20:19:51,798 [Worker-25: Building] WARN  o.e.m.c.i.embedder.EclipseLogger - Using platform encoding (MS949 actually) to copy filtered resources, i.e. build is platform dependent!
2026-05-16 20:19:51,799 [Worker-25: Building] INFO  o.e.m.c.i.embedder.EclipseLogger - Copying 3 resources
2026-05-16 20:19:51,800 [Worker-25: Building] WARN  o.e.m.c.i.embedder.EclipseLogger - Using platform encoding (MS949 actually) to copy filtered resources, i.e. build is platform dependent!
2026-05-16 20:19:51,801 [Worker-25: Building] INFO  o.e.m.c.i.embedder.EclipseLogger - Copying 0 resource
2026-05-16 20:20:33,217 [Worker-22: Building] WARN  o.e.m.c.i.embedder.EclipseLogger - Using platform encoding (MS949 actually) to copy filtered resources, i.e. build is platform dependent!
2026-05-16 20:20:33,218 [Worker-22: Building] INFO  o.e.m.c.i.embedder.EclipseLogger - Copying 3 resources
2026-05-16 20:20:33,220 [Worker-22: Building] WARN  o.e.m.c.i.embedder.EclipseLogger - Using platform encoding (MS949 actually) to copy filtered resources, i.e. build is platform dependent!
2026-05-16 20:20:33,220 [Worker-22: Building] INFO  o.e.m.c.i.embedder.EclipseLogger - Copying 0 resource
2026-05-16 20:20:34,383 [Worker-18: Building] WARN  o.e.m.c.i.embedder.EclipseLogger - Using platform encoding (MS949 actually) to copy filtered resources, i.e. build is platform dependent!
2026-05-16 20:20:34,384 [Worker-18: Building] INFO  o.e.m.c.i.embedder.EclipseLogger - Copying 3 resources
2026-05-16 20:20:34,387 [Worker-18: Building] WARN  o.e.m.c.i.embedder.EclipseLogger - Using platform encoding (MS949 actually) to copy filtered resources, i.e. build is platform dependent!
2026-05-16 20:20:34,387 [Worker-18: Building] INFO  o.e.m.c.i.embedder.EclipseLogger - Copying 0 resource
2026-05-16 20:20:49,709 [Worker-18: Building] WARN  o.e.m.c.i.embedder.EclipseLogger - Using platform encoding (MS949 actually) to copy filtered resources, i.e. build is platform dependent!
2026-05-16 20:20:49,710 [Worker-18: Building] INFO  o.e.m.c.i.embedder.EclipseLogger - Copying 3 resources
2026-05-16 20:20:49,711 [Worker-18: Building] WARN  o.e.m.c.i.embedder.EclipseLogger - Using platform encoding (MS949 actually) to copy filtered resources, i.e. build is platform dependent!
2026-05-16 20:20:49,712 [Worker-18: Building] INFO  o.e.m.c.i.embedder.EclipseLogger - Copying 0 resource
2026-05-16 20:20:56,979 [Worker-19: Building] WARN  o.e.m.c.i.embedder.EclipseLogger - Using platform encoding (MS949 actually) to copy filtered resources, i.e. build is platform dependent!
2026-05-16 20:20:56,981 [Worker-19: Building] INFO  o.e.m.c.i.embedder.EclipseLogger - Copying 3 resources
2026-05-16 20:20:56,982 [Worker-19: Building] WARN  o.e.m.c.i.embedder.EclipseLogger - Using platform encoding (MS949 actually) to copy filtered resources, i.e. build is platform dependent!
2026-05-16 20:20:56,983 [Worker-19: Building] INFO  o.e.m.c.i.embedder.EclipseLogger - Copying 0 resource
2026-05-16 20:21:21,841 [Worker-19: Building] WARN  o.e.m.c.i.embedder.EclipseLogger - Using platform encoding (MS949 actually) to copy filtered resources, i.e. build is platform dependent!
2026-05-16 20:21:21,842 [Worker-19: Building] INFO  o.e.m.c.i.embedder.EclipseLogger - Copying 3 resources
2026-05-16 20:21:21,843 [Worker-19: Building] WARN  o.e.m.c.i.embedder.EclipseLogger - Using platform encoding (MS949 actually) to copy filtered resources, i.e. build is platform dependent!
2026-05-16 20:21:21,843 [Worker-19: Building] INFO  o.e.m.c.i.embedder.EclipseLogger - Copying 0 resource
2026-05-16 20:21:26,374 [Worker-25: Building] WARN  o.e.m.c.i.embedder.EclipseLogger - Using platform encoding (MS949 actually) to copy filtered resources, i.e. build is platform dependent!
2026-05-16 20:21:26,375 [Worker-25: Building] INFO  o.e.m.c.i.embedder.EclipseLogger - Copying 3 resources
2026-05-16 20:21:26,377 [Worker-25: Building] WARN  o.e.m.c.i.embedder.EclipseLogger - Using platform encoding (MS949 actually) to copy filtered resources, i.e. build is platform dependent!
2026-05-16 20:21:26,378 [Worker-25: Building] INFO  o.e.m.c.i.embedder.EclipseLogger - Copying 0 resource
2026-05-16 20:21:49,632 [Worker-26: Building] WARN  o.e.m.c.i.embedder.EclipseLogger - Using platform encoding (MS949 actually) to copy filtered resources, i.e. build is platform dependent!
2026-05-16 20:21:49,633 [Worker-26: Building] INFO  o.e.m.c.i.embedder.EclipseLogger - Copying 3 resources
2026-05-16 20:21:49,635 [Worker-26: Building] WARN  o.e.m.c.i.embedder.EclipseLogger - Using platform encoding (MS949 actually) to copy filtered resources, i.e. build is platform dependent!
2026-05-16 20:21:49,635 [Worker-26: Building] INFO  o.e.m.c.i.embedder.EclipseLogger - Copying 0 resource
2026-05-16 20:27:21,173 [Worker-28: Building] WARN  o.e.m.c.i.embedder.EclipseLogger - Using platform encoding (MS949 actually) to copy filtered resources, i.e. build is platform dependent!
2026-05-16 20:27:21,176 [Worker-28: Building] INFO  o.e.m.c.i.embedder.EclipseLogger - Copying 1 resource
2026-05-16 20:27:21,178 [Worker-28: Building] WARN  o.e.m.c.i.embedder.EclipseLogger - Using platform encoding (MS949 actually) to copy filtered resources, i.e. build is platform dependent!
2026-05-16 20:27:21,223 [Worker-28: Building] INFO  o.e.m.c.i.embedder.EclipseLogger - Copying 0 resource
2026-05-16 20:27:52,505 [Worker-28: Building] WARN  o.e.m.c.i.embedder.EclipseLogger - Using platform encoding (MS949 actually) to copy filtered resources, i.e. build is platform dependent!
2026-05-16 20:27:52,507 [Worker-28: Building] INFO  o.e.m.c.i.embedder.EclipseLogger - Copying 3 resources
2026-05-16 20:27:52,509 [Worker-28: Building] WARN  o.e.m.c.i.embedder.EclipseLogger - Using platform encoding (MS949 actually) to copy filtered resources, i.e. build is platform dependent!
2026-05-16 20:27:52,553 [Worker-28: Building] INFO  o.e.m.c.i.embedder.EclipseLogger - Copying 0 resource
2026-05-16 20:28:22,170 [Worker-29: Building] WARN  o.e.m.c.i.embedder.EclipseLogger - Using platform encoding (MS949 actually) to copy filtered resources, i.e. build is platform dependent!
2026-05-16 20:28:22,172 [Worker-29: Building] INFO  o.e.m.c.i.embedder.EclipseLogger - Copying 1 resource
2026-05-16 20:28:22,174 [Worker-29: Building] WARN  o.e.m.c.i.embedder.EclipseLogger - Using platform encoding (MS949 actually) to copy filtered resources, i.e. build is platform dependent!
2026-05-16 20:28:22,175 [Worker-29: Building] INFO  o.e.m.c.i.embedder.EclipseLogger - Copying 0 resource
2026-05-16 20:29:52,132 [Worker-30: Building] WARN  o.e.m.c.i.embedder.EclipseLogger - Using platform encoding (MS949 actually) to copy filtered resources, i.e. build is platform dependent!
2026-05-16 20:29:52,133 [Worker-30: Building] INFO  o.e.m.c.i.embedder.EclipseLogger - Copying 3 resources
2026-05-16 20:29:52,134 [Worker-30: Building] WARN  o.e.m.c.i.embedder.EclipseLogger - Using platform encoding (MS949 actually) to copy filtered resources, i.e. build is platform dependent!
2026-05-16 20:29:52,135 [Worker-30: Building] INFO  o.e.m.c.i.embedder.EclipseLogger - Copying 0 resource
2026-05-16 20:30:28,593 [Worker-33: Building] WARN  o.e.m.c.i.embedder.EclipseLogger - Using platform encoding (MS949 actually) to copy filtered resources, i.e. build is platform dependent!
2026-05-16 20:30:28,594 [Worker-33: Building] INFO  o.e.m.c.i.embedder.EclipseLogger - Copying 3 resources
2026-05-16 20:30:28,595 [Worker-33: Building] WARN  o.e.m.c.i.embedder.EclipseLogger - Using platform encoding (MS949 actually) to copy filtered resources, i.e. build is platform dependent!
2026-05-16 20:30:28,595 [Worker-33: Building] INFO  o.e.m.c.i.embedder.EclipseLogger - Copying 0 resource
2026-05-16 20:31:12,163 [Worker-30: Building] WARN  o.e.m.c.i.embedder.EclipseLogger - Using platform encoding (MS949 actually) to copy filtered resources, i.e. build is platform dependent!
2026-05-16 20:31:12,164 [Worker-30: Building] INFO  o.e.m.c.i.embedder.EclipseLogger - Copying 3 resources
2026-05-16 20:31:12,165 [Worker-30: Building] WARN  o.e.m.c.i.embedder.EclipseLogger - Using platform encoding (MS949 actually) to copy filtered resources, i.e. build is platform dependent!
2026-05-16 20:31:12,166 [Worker-30: Building] INFO  o.e.m.c.i.embedder.EclipseLogger - Copying 0 resource
2026-05-16 20:31:16,032 [Worker-28: Building] WARN  o.e.m.c.i.embedder.EclipseLogger - Using platform encoding (MS949 actually) to copy filtered resources, i.e. build is platform dependent!
2026-05-16 20:31:16,033 [Worker-28: Building] INFO  o.e.m.c.i.embedder.EclipseLogger - Copying 3 resources
2026-05-16 20:31:16,034 [Worker-28: Building] WARN  o.e.m.c.i.embedder.EclipseLogger - Using platform encoding (MS949 actually) to copy filtered resources, i.e. build is platform dependent!
2026-05-16 20:31:16,035 [Worker-28: Building] INFO  o.e.m.c.i.embedder.EclipseLogger - Copying 0 resource
2026-05-16 20:31:37,068 [Worker-33: Building] WARN  o.e.m.c.i.embedder.EclipseLogger - Using platform encoding (MS949 actually) to copy filtered resources, i.e. build is platform dependent!
2026-05-16 20:31:37,069 [Worker-33: Building] INFO  o.e.m.c.i.embedder.EclipseLogger - Copying 3 resources
2026-05-16 20:31:37,070 [Worker-33: Building] WARN  o.e.m.c.i.embedder.EclipseLogger - Using platform encoding (MS949 actually) to copy filtered resources, i.e. build is platform dependent!
2026-05-16 20:31:37,071 [Worker-33: Building] INFO  o.e.m.c.i.embedder.EclipseLogger - Copying 0 resource
2026-05-16 20:31:45,122 [Worker-32: Building] WARN  o.e.m.c.i.embedder.EclipseLogger - Using platform encoding (MS949 actually) to copy filtered resources, i.e. build is platform dependent!
2026-05-16 20:31:45,123 [Worker-32: Building] INFO  o.e.m.c.i.embedder.EclipseLogger - Copying 3 resources
2026-05-16 20:31:45,124 [Worker-32: Building] WARN  o.e.m.c.i.embedder.EclipseLogger - Using platform encoding (MS949 actually) to copy filtered resources, i.e. build is platform dependent!
2026-05-16 20:31:45,125 [Worker-32: Building] INFO  o.e.m.c.i.embedder.EclipseLogger - Copying 0 resource
2026-05-16 20:32:02,962 [Worker-32: Building] WARN  o.e.m.c.i.embedder.EclipseLogger - Using platform encoding (MS949 actually) to copy filtered resources, i.e. build is platform dependent!
2026-05-16 20:32:02,963 [Worker-32: Building] INFO  o.e.m.c.i.embedder.EclipseLogger - Copying 3 resources
2026-05-16 20:32:02,965 [Worker-32: Building] WARN  o.e.m.c.i.embedder.EclipseLogger - Using platform encoding (MS949 actually) to copy filtered resources, i.e. build is platform dependent!
2026-05-16 20:32:02,965 [Worker-32: Building] INFO  o.e.m.c.i.embedder.EclipseLogger - Copying 0 resource
2026-05-16 20:33:09,626 [Worker-30: Building] WARN  o.e.m.c.i.embedder.EclipseLogger - Using platform encoding (MS949 actually) to copy filtered resources, i.e. build is platform dependent!
2026-05-16 20:33:09,627 [Worker-30: Building] INFO  o.e.m.c.i.embedder.EclipseLogger - Copying 3 resources
2026-05-16 20:33:09,628 [Worker-30: Building] WARN  o.e.m.c.i.embedder.EclipseLogger - Using platform encoding (MS949 actually) to copy filtered resources, i.e. build is platform dependent!
2026-05-16 20:33:09,629 [Worker-30: Building] INFO  o.e.m.c.i.embedder.EclipseLogger - Copying 0 resource
2026-05-16 20:33:24,537 [Worker-35: Building] WARN  o.e.m.c.i.embedder.EclipseLogger - Using platform encoding (MS949 actually) to copy filtered resources, i.e. build is platform dependent!
2026-05-16 20:33:24,538 [Worker-35: Building] INFO  o.e.m.c.i.embedder.EclipseLogger - Copying 3 resources
2026-05-16 20:33:24,539 [Worker-35: Building] WARN  o.e.m.c.i.embedder.EclipseLogger - Using platform encoding (MS949 actually) to copy filtered resources, i.e. build is platform dependent!
2026-05-16 20:33:24,540 [Worker-35: Building] INFO  o.e.m.c.i.embedder.EclipseLogger - Copying 0 resource
2026-05-16 20:33:25,684 [Worker-29: Building] WARN  o.e.m.c.i.embedder.EclipseLogger - Using platform encoding (MS949 actually) to copy filtered resources, i.e. build is platform dependent!
2026-05-16 20:33:25,685 [Worker-29: Building] INFO  o.e.m.c.i.embedder.EclipseLogger - Copying 3 resources
2026-05-16 20:33:25,686 [Worker-29: Building] WARN  o.e.m.c.i.embedder.EclipseLogger - Using platform encoding (MS949 actually) to copy filtered resources, i.e. build is platform dependent!
2026-05-16 20:33:25,687 [Worker-29: Building] INFO  o.e.m.c.i.embedder.EclipseLogger - Copying 0 resource
2026-05-16 20:33:33,681 [Worker-30: Building] WARN  o.e.m.c.i.embedder.EclipseLogger - Using platform encoding (MS949 actually) to copy filtered resources, i.e. build is platform dependent!
2026-05-16 20:33:33,682 [Worker-30: Building] INFO  o.e.m.c.i.embedder.EclipseLogger - Copying 3 resources
2026-05-16 20:33:33,683 [Worker-30: Building] WARN  o.e.m.c.i.embedder.EclipseLogger - Using platform encoding (MS949 actually) to copy filtered resources, i.e. build is platform dependent!
2026-05-16 20:33:33,683 [Worker-30: Building] INFO  o.e.m.c.i.embedder.EclipseLogger - Copying 0 resource
2026-05-16 20:34:36,500 [Worker-28: Building] WARN  o.e.m.c.i.embedder.EclipseLogger - Using platform encoding (MS949 actually) to copy filtered resources, i.e. build is platform dependent!
2026-05-16 20:34:36,501 [Worker-28: Building] INFO  o.e.m.c.i.embedder.EclipseLogger - Copying 0 resource
2026-05-16 20:34:36,502 [Worker-28: Building] WARN  o.e.m.c.i.embedder.EclipseLogger - Using platform encoding (MS949 actually) to copy filtered resources, i.e. build is platform dependent!
2026-05-16 20:34:36,503 [Worker-28: Building] INFO  o.e.m.c.i.embedder.EclipseLogger - Copying 0 resource
2026-05-16 20:35:07,537 [Worker-33: Building] WARN  o.e.m.c.i.embedder.EclipseLogger - Using platform encoding (MS949 actually) to copy filtered resources, i.e. build is platform dependent!
2026-05-16 20:35:07,539 [Worker-33: Building] INFO  o.e.m.c.i.embedder.EclipseLogger - Copying 0 resource
2026-05-16 20:35:07,541 [Worker-33: Building] WARN  o.e.m.c.i.embedder.EclipseLogger - Using platform encoding (MS949 actually) to copy filtered resources, i.e. build is platform dependent!
2026-05-16 20:35:07,543 [Worker-33: Building] INFO  o.e.m.c.i.embedder.EclipseLogger - Copying 0 resource
2026-05-16 20:37:31,683 [Worker-29: Building] WARN  o.e.m.c.i.embedder.EclipseLogger - Using platform encoding (MS949 actually) to copy filtered resources, i.e. build is platform dependent!
2026-05-16 20:37:31,684 [Worker-29: Building] INFO  o.e.m.c.i.embedder.EclipseLogger - Copying 0 resource
2026-05-16 20:37:31,685 [Worker-29: Building] WARN  o.e.m.c.i.embedder.EclipseLogger - Using platform encoding (MS949 actually) to copy filtered resources, i.e. build is platform dependent!
2026-05-16 20:37:31,733 [Worker-29: Building] INFO  o.e.m.c.i.embedder.EclipseLogger - Copying 0 resource
2026-05-16 20:38:20,791 [Worker-36: Building] WARN  o.e.m.c.i.embedder.EclipseLogger - Using platform encoding (MS949 actually) to copy filtered resources, i.e. build is platform dependent!
2026-05-16 20:38:20,792 [Worker-36: Building] INFO  o.e.m.c.i.embedder.EclipseLogger - Copying 0 resource
2026-05-16 20:38:20,793 [Worker-36: Building] WARN  o.e.m.c.i.embedder.EclipseLogger - Using platform encoding (MS949 actually) to copy filtered resources, i.e. build is platform dependent!
2026-05-16 20:38:20,829 [Worker-36: Building] INFO  o.e.m.c.i.embedder.EclipseLogger - Copying 0 resource
2026-05-16 20:41:06,809 [Worker-42: Building] WARN  o.e.m.c.i.embedder.EclipseLogger - Using platform encoding (MS949 actually) to copy filtered resources, i.e. build is platform dependent!
2026-05-16 20:41:06,810 [Worker-42: Building] INFO  o.e.m.c.i.embedder.EclipseLogger - Copying 3 resources
2026-05-16 20:41:06,811 [Worker-42: Building] WARN  o.e.m.c.i.embedder.EclipseLogger - Using platform encoding (MS949 actually) to copy filtered resources, i.e. build is platform dependent!
2026-05-16 20:41:06,811 [Worker-42: Building] INFO  o.e.m.c.i.embedder.EclipseLogger - Copying 0 resource
2026-05-16 20:41:11,727 [Worker-43: Building] WARN  o.e.m.c.i.embedder.EclipseLogger - Using platform encoding (MS949 actually) to copy filtered resources, i.e. build is platform dependent!
2026-05-16 20:41:11,728 [Worker-43: Building] INFO  o.e.m.c.i.embedder.EclipseLogger - Copying 3 resources
2026-05-16 20:41:11,730 [Worker-43: Building] WARN  o.e.m.c.i.embedder.EclipseLogger - Using platform encoding (MS949 actually) to copy filtered resources, i.e. build is platform dependent!
2026-05-16 20:41:11,730 [Worker-43: Building] INFO  o.e.m.c.i.embedder.EclipseLogger - Copying 0 resource
2026-05-16 20:41:38,458 [Worker-41: Building] WARN  o.e.m.c.i.embedder.EclipseLogger - Using platform encoding (MS949 actually) to copy filtered resources, i.e. build is platform dependent!
2026-05-16 20:41:38,459 [Worker-41: Building] INFO  o.e.m.c.i.embedder.EclipseLogger - Copying 3 resources
2026-05-16 20:41:38,460 [Worker-41: Building] WARN  o.e.m.c.i.embedder.EclipseLogger - Using platform encoding (MS949 actually) to copy filtered resources, i.e. build is platform dependent!
2026-05-16 20:41:38,461 [Worker-41: Building] INFO  o.e.m.c.i.embedder.EclipseLogger - Copying 0 resource
2026-05-16 20:43:15,109 [Worker-45: Building] WARN  o.e.m.c.i.embedder.EclipseLogger - Using platform encoding (MS949 actually) to copy filtered resources, i.e. build is platform dependent!
2026-05-16 20:43:15,111 [Worker-45: Building] INFO  o.e.m.c.i.embedder.EclipseLogger - Copying 3 resources
2026-05-16 20:43:15,112 [Worker-45: Building] WARN  o.e.m.c.i.embedder.EclipseLogger - Using platform encoding (MS949 actually) to copy filtered resources, i.e. build is platform dependent!
2026-05-16 20:43:15,113 [Worker-45: Building] INFO  o.e.m.c.i.embedder.EclipseLogger - Copying 0 resource
2026-05-16 20:50:28,615 [Worker-47: Building] WARN  o.e.m.c.i.embedder.EclipseLogger - Using platform encoding (MS949 actually) to copy filtered resources, i.e. build is platform dependent!
2026-05-16 20:50:28,617 [Worker-47: Building] INFO  o.e.m.c.i.embedder.EclipseLogger - Copying 1 resource
2026-05-16 20:50:28,620 [Worker-47: Building] WARN  o.e.m.c.i.embedder.EclipseLogger - Using platform encoding (MS949 actually) to copy filtered resources, i.e. build is platform dependent!
2026-05-16 20:50:28,664 [Worker-47: Building] INFO  o.e.m.c.i.embedder.EclipseLogger - Copying 0 resource
2026-05-17 16:49:33,154 [Worker-6: Loading available Gradle versions] INFO  o.e.b.c.i.u.g.PublishedGradleVersions - Gradle version information cache is up-to-date. Trying to read.
2026-05-18 09:35:45,200 [Worker-59: Cleaning all projects] INFO  o.e.m.w.i.f.ResourceFilteringBuildParticipant - Cleaning filtered folder for proj03
2026-05-18 09:35:56,180 [Worker-64: Building] WARN  o.e.m.c.i.embedder.EclipseLogger - Using platform encoding (MS949 actually) to copy filtered resources, i.e. build is platform dependent!
2026-05-18 09:35:56,196 [Worker-64: Building] INFO  o.e.m.c.i.embedder.EclipseLogger - Copying 3 resources
2026-05-18 09:35:56,196 [Worker-64: Building] WARN  o.e.m.c.i.embedder.EclipseLogger - Using platform encoding (MS949 actually) to copy filtered resources, i.e. build is platform dependent!
2026-05-18 09:35:56,196 [Worker-64: Building] INFO  o.e.m.c.i.embedder.EclipseLogger - Copying 1 resource
2026-05-18 09:35:56,196 [Worker-64: Building] INFO  o.e.m.w.i.f.ResourceFilteringBuildParticipant - Changed resources require a complete clean of filtered resources of proj03
2026-05-18 09:35:56,196 [Worker-64: Building] INFO  o.e.m.w.i.f.ResourceFilteringBuildParticipant - Executing resource filtering for proj03
2026-05-18 09:35:56,211 [Worker-64: Building] WARN  o.e.m.c.i.embedder.EclipseLogger - The POM for org.apache.maven.plugins:maven-eclipse-plugin:jar:2.9 is missing, no dependency information available
2026-05-18 09:35:56,211 [Worker-64: Building] WARN  o.e.m.c.i.embedder.EclipseLogger - Failed to retrieve plugin descriptor for org.apache.maven.plugins:maven-eclipse-plugin:2.9: Plugin org.apache.maven.plugins:maven-eclipse-plugin:2.9 or one of its dependencies could not be resolved: Cannot access central (https://repo.maven.apache.org/maven2) in offline mode and the artifact org.apache.maven.plugins:maven-eclipse-plugin:jar:2.9 has not been downloaded from it before.
2026-05-18 09:35:56,211 [Worker-64: Building] WARN  o.e.m.c.i.embedder.EclipseLogger - The POM for org.codehaus.mojo:exec-maven-plugin:jar:1.2.1 is missing, no dependency information available
2026-05-18 09:35:56,211 [Worker-64: Building] WARN  o.e.m.c.i.embedder.EclipseLogger - Failed to retrieve plugin descriptor for org.codehaus.mojo:exec-maven-plugin:1.2.1: Plugin org.codehaus.mojo:exec-maven-plugin:1.2.1 or one of its dependencies could not be resolved: Cannot access central (https://repo.maven.apache.org/maven2) in offline mode and the artifact org.codehaus.mojo:exec-maven-plugin:jar:1.2.1 has not been downloaded from it before.
2026-05-18 09:35:56,352 [Worker-64: Building] WARN  o.e.m.c.i.embedder.EclipseLogger - The POM for org.apache.maven.plugins:maven-eclipse-plugin:jar:2.9 is missing, no dependency information available
2026-05-18 09:35:56,352 [Worker-64: Building] WARN  o.e.m.c.i.embedder.EclipseLogger - Failed to retrieve plugin descriptor for org.apache.maven.plugins:maven-eclipse-plugin:2.9: Plugin org.apache.maven.plugins:maven-eclipse-plugin:2.9 or one of its dependencies could not be resolved: Cannot access central (https://repo.maven.apache.org/maven2) in offline mode and the artifact org.apache.maven.plugins:maven-eclipse-plugin:jar:2.9 has not been downloaded from it before.
2026-05-18 09:35:56,352 [Worker-64: Building] WARN  o.e.m.c.i.embedder.EclipseLogger - The POM for org.codehaus.mojo:exec-maven-plugin:jar:1.2.1 is missing, no dependency information available
2026-05-18 09:35:56,352 [Worker-64: Building] WARN  o.e.m.c.i.embedder.EclipseLogger - Failed to retrieve plugin descriptor for org.codehaus.mojo:exec-maven-plugin:1.2.1: Plugin org.codehaus.mojo:exec-maven-plugin:1.2.1 or one of its dependencies could not be resolved: Cannot access central (https://repo.maven.apache.org/maven2) in offline mode and the artifact org.codehaus.mojo:exec-maven-plugin:jar:1.2.1 has not been downloaded from it before.
2026-05-18 09:35:56,368 [Worker-64: Building] WARN  o.e.m.c.i.embedder.EclipseLogger - Using platform encoding (MS949 actually) to copy filtered resources, i.e. build is platform dependent!
2026-05-18 09:38:58,570 [Worker-61: Updating Maven Project] INFO  o.e.m.c.i.p.ProjectConfigurationManager - Update started
2026-05-18 09:39:00,007 [Worker-61: Updating Maven Project] INFO  o.e.m.c.i.l.LifecycleMappingFactory - Using org.maven.ide.eclipse.wtp.WarLifecycleMapping lifecycle mapping for MavenProject: kr.or:proj3:1.0.0-BUILD-SNAPSHOT @ D:\proj3\proj03\pom.xml.
2026-05-18 09:39:00,257 [Worker-61: Updating Maven Project] WARN  o.e.m.c.i.embedder.EclipseLogger - Failed to retrieve plugin descriptor for org.apache.maven.plugins:maven-eclipse-plugin:2.9: Plugin org.apache.maven.plugins:maven-eclipse-plugin:2.9 or one of its dependencies could not be resolved: Failed to read artifact descriptor for org.apache.maven.plugins:maven-eclipse-plugin:jar:2.9
2026-05-18 09:39:00,273 [Worker-61: Updating Maven Project] WARN  o.e.m.c.i.embedder.EclipseLogger - Failed to retrieve plugin descriptor for org.codehaus.mojo:exec-maven-plugin:1.2.1: Plugin org.codehaus.mojo:exec-maven-plugin:1.2.1 or one of its dependencies could not be resolved: Failed to read artifact descriptor for org.codehaus.mojo:exec-maven-plugin:jar:1.2.1
2026-05-18 09:39:00,273 [Worker-61: Updating Maven Project] WARN  o.e.m.c.i.embedder.EclipseLogger - Failed to retrieve plugin descriptor for org.apache.maven.plugins:maven-eclipse-plugin:2.9: Plugin org.apache.maven.plugins:maven-eclipse-plugin:2.9 or one of its dependencies could not be resolved: Failed to read artifact descriptor for org.apache.maven.plugins:maven-eclipse-plugin:jar:2.9
2026-05-18 09:39:00,273 [Worker-61: Updating Maven Project] WARN  o.e.m.c.i.embedder.EclipseLogger - Failed to retrieve plugin descriptor for org.codehaus.mojo:exec-maven-plugin:1.2.1: Plugin org.codehaus.mojo:exec-maven-plugin:1.2.1 or one of its dependencies could not be resolved: Failed to read artifact descriptor for org.codehaus.mojo:exec-maven-plugin:jar:1.2.1
2026-05-18 09:39:01,336 [Worker-61: Updating Maven Project] INFO  o.e.m.j.i.AbstractJavaProjectConfigurator - Adding source folder /proj03/src/main/java
2026-05-18 09:39:01,351 [Worker-61: Updating Maven Project] INFO  o.e.m.j.i.AbstractJavaProjectConfigurator - Adding resource folder /proj03/src/main/resources
2026-05-18 09:39:01,351 [Worker-61: Updating Maven Project] INFO  o.e.m.j.i.AbstractJavaProjectConfigurator - Adding source folder /proj03/src/test/java
2026-05-18 09:39:01,351 [Worker-61: Updating Maven Project] INFO  o.e.m.j.i.AbstractJavaProjectConfigurator - Adding resource folder /proj03/src/test/resources
2026-05-18 09:39:02,242 [Worker-61: Updating Maven Project] WARN  o.e.m.c.i.embedder.EclipseLogger - Failed to retrieve plugin descriptor for org.apache.maven.plugins:maven-eclipse-plugin:2.9: Plugin org.apache.maven.plugins:maven-eclipse-plugin:2.9 or one of its dependencies could not be resolved: Failed to read artifact descriptor for org.apache.maven.plugins:maven-eclipse-plugin:jar:2.9
2026-05-18 09:39:02,242 [Worker-61: Updating Maven Project] WARN  o.e.m.c.i.embedder.EclipseLogger - Failed to retrieve plugin descriptor for org.codehaus.mojo:exec-maven-plugin:1.2.1: Plugin org.codehaus.mojo:exec-maven-plugin:1.2.1 or one of its dependencies could not be resolved: Failed to read artifact descriptor for org.codehaus.mojo:exec-maven-plugin:jar:1.2.1
2026-05-18 09:39:02,257 [Worker-61: Updating Maven Project] WARN  o.e.m.c.i.embedder.EclipseLogger - Failed to retrieve plugin descriptor for org.apache.maven.plugins:maven-eclipse-plugin:2.9: Plugin org.apache.maven.plugins:maven-eclipse-plugin:2.9 or one of its dependencies could not be resolved: Failed to read artifact descriptor for org.apache.maven.plugins:maven-eclipse-plugin:jar:2.9
2026-05-18 09:39:02,257 [Worker-61: Updating Maven Project] WARN  o.e.m.c.i.embedder.EclipseLogger - Failed to retrieve plugin descriptor for org.codehaus.mojo:exec-maven-plugin:1.2.1: Plugin org.codehaus.mojo:exec-maven-plugin:1.2.1 or one of its dependencies could not be resolved: Failed to read artifact descriptor for org.codehaus.mojo:exec-maven-plugin:jar:1.2.1
2026-05-18 09:39:02,304 [Worker-61: Updating Maven Project] INFO  o.e.m.w.i.f.ResourceFilteringBuildParticipant - Cleaning filtered folder for proj03
2026-05-18 09:39:02,304 [Worker-61: Updating Maven Project] INFO  o.e.m.c.i.p.ProjectConfigurationManager - Update completed: 3 sec
2026-05-18 09:39:02,773 [Worker-67: Building] WARN  o.e.m.c.i.embedder.EclipseLogger - Using platform encoding (MS949 actually) to copy filtered resources, i.e. build is platform dependent!
2026-05-18 09:39:02,773 [Worker-67: Building] INFO  o.e.m.c.i.embedder.EclipseLogger - Copying 3 resources
2026-05-18 09:39:02,789 [Worker-67: Building] WARN  o.e.m.c.i.embedder.EclipseLogger - Using platform encoding (MS949 actually) to copy filtered resources, i.e. build is platform dependent!
2026-05-18 09:39:02,789 [Worker-67: Building] INFO  o.e.m.c.i.embedder.EclipseLogger - Copying 1 resource
2026-05-18 09:39:02,789 [Worker-67: Building] INFO  o.e.m.w.i.f.ResourceFilteringBuildParticipant - Changed resources require a complete clean of filtered resources of proj03
2026-05-18 09:39:02,789 [Worker-67: Building] INFO  o.e.m.w.i.f.ResourceFilteringBuildParticipant - Executing resource filtering for proj03
2026-05-18 09:39:02,789 [Worker-67: Building] WARN  o.e.m.c.i.embedder.EclipseLogger - The POM for org.apache.maven.plugins:maven-eclipse-plugin:jar:2.9 is missing, no dependency information available
2026-05-18 09:39:02,789 [Worker-67: Building] WARN  o.e.m.c.i.embedder.EclipseLogger - Failed to retrieve plugin descriptor for org.apache.maven.plugins:maven-eclipse-plugin:2.9: Plugin org.apache.maven.plugins:maven-eclipse-plugin:2.9 or one of its dependencies could not be resolved: Cannot access central (https://repo.maven.apache.org/maven2) in offline mode and the artifact org.apache.maven.plugins:maven-eclipse-plugin:jar:2.9 has not been downloaded from it before.
2026-05-18 09:39:02,789 [Worker-67: Building] WARN  o.e.m.c.i.embedder.EclipseLogger - The POM for org.codehaus.mojo:exec-maven-plugin:jar:1.2.1 is missing, no dependency information available
2026-05-18 09:39:02,789 [Worker-67: Building] WARN  o.e.m.c.i.embedder.EclipseLogger - Failed to retrieve plugin descriptor for org.codehaus.mojo:exec-maven-plugin:1.2.1: Plugin org.codehaus.mojo:exec-maven-plugin:1.2.1 or one of its dependencies could not be resolved: Cannot access central (https://repo.maven.apache.org/maven2) in offline mode and the artifact org.codehaus.mojo:exec-maven-plugin:jar:1.2.1 has not been downloaded from it before.
2026-05-18 09:39:02,804 [Worker-67: Building] WARN  o.e.m.c.i.embedder.EclipseLogger - The POM for org.apache.maven.plugins:maven-eclipse-plugin:jar:2.9 is missing, no dependency information available
2026-05-18 09:39:02,804 [Worker-67: Building] WARN  o.e.m.c.i.embedder.EclipseLogger - Failed to retrieve plugin descriptor for org.apache.maven.plugins:maven-eclipse-plugin:2.9: Plugin org.apache.maven.plugins:maven-eclipse-plugin:2.9 or one of its dependencies could not be resolved: Cannot access central (https://repo.maven.apache.org/maven2) in offline mode and the artifact org.apache.maven.plugins:maven-eclipse-plugin:jar:2.9 has not been downloaded from it before.
2026-05-18 09:39:02,804 [Worker-67: Building] WARN  o.e.m.c.i.embedder.EclipseLogger - The POM for org.codehaus.mojo:exec-maven-plugin:jar:1.2.1 is missing, no dependency information available
2026-05-18 09:39:02,804 [Worker-67: Building] WARN  o.e.m.c.i.embedder.EclipseLogger - Failed to retrieve plugin descriptor for org.codehaus.mojo:exec-maven-plugin:1.2.1: Plugin org.codehaus.mojo:exec-maven-plugin:1.2.1 or one of its dependencies could not be resolved: Cannot access central (https://repo.maven.apache.org/maven2) in offline mode and the artifact org.codehaus.mojo:exec-maven-plugin:jar:1.2.1 has not been downloaded from it before.
2026-05-18 09:39:02,804 [Worker-67: Building] WARN  o.e.m.c.i.embedder.EclipseLogger - Using platform encoding (MS949 actually) to copy filtered resources, i.e. build is platform dependent!
2026-05-18 10:00:59,547 [Worker-73: Building] WARN  o.e.m.c.i.embedder.EclipseLogger - Using platform encoding (MS949 actually) to copy filtered resources, i.e. build is platform dependent!
2026-05-18 10:00:59,547 [Worker-73: Building] INFO  o.e.m.c.i.embedder.EclipseLogger - Copying 0 resource
2026-05-18 10:00:59,547 [Worker-73: Building] WARN  o.e.m.c.i.embedder.EclipseLogger - Using platform encoding (MS949 actually) to copy filtered resources, i.e. build is platform dependent!
2026-05-18 10:00:59,547 [Worker-73: Building] INFO  o.e.m.c.i.embedder.EclipseLogger - Copying 0 resource
2026-05-18 10:01:04,781 [Worker-75: Building] INFO  o.e.m.c.i.l.LifecycleMappingFactory - Using org.maven.ide.eclipse.wtp.WarLifecycleMapping lifecycle mapping for MavenProject: kr.or:proj3:1.0.0-BUILD-SNAPSHOT @ D:\proj3\proj03\pom.xml.
2026-05-18 10:01:05,908 [Worker-75: Building] WARN  o.e.m.c.i.embedder.EclipseLogger - Failed to retrieve plugin descriptor for org.apache.maven.plugins:maven-eclipse-plugin:2.9: Plugin org.apache.maven.plugins:maven-eclipse-plugin:2.9 or one of its dependencies could not be resolved: Failed to read artifact descriptor for org.apache.maven.plugins:maven-eclipse-plugin:jar:2.9
2026-05-18 10:01:05,908 [Worker-75: Building] WARN  o.e.m.c.i.embedder.EclipseLogger - Failed to retrieve plugin descriptor for org.codehaus.mojo:exec-maven-plugin:1.2.1: Plugin org.codehaus.mojo:exec-maven-plugin:1.2.1 or one of its dependencies could not be resolved: Failed to read artifact descriptor for org.codehaus.mojo:exec-maven-plugin:jar:1.2.1
2026-05-18 10:01:05,908 [Worker-75: Building] WARN  o.e.m.c.i.embedder.EclipseLogger - Failed to retrieve plugin descriptor for org.apache.maven.plugins:maven-eclipse-plugin:2.9: Plugin org.apache.maven.plugins:maven-eclipse-plugin:2.9 or one of its dependencies could not be resolved: Failed to read artifact descriptor for org.apache.maven.plugins:maven-eclipse-plugin:jar:2.9
2026-05-18 10:01:05,908 [Worker-75: Building] WARN  o.e.m.c.i.embedder.EclipseLogger - Failed to retrieve plugin descriptor for org.codehaus.mojo:exec-maven-plugin:1.2.1: Plugin org.codehaus.mojo:exec-maven-plugin:1.2.1 or one of its dependencies could not be resolved: Failed to read artifact descriptor for org.codehaus.mojo:exec-maven-plugin:jar:1.2.1
2026-05-18 10:01:09,212 [Worker-75: Building] WARN  o.e.m.c.i.embedder.EclipseLogger - Using platform encoding (MS949 actually) to copy filtered resources, i.e. build is platform dependent!
2026-05-18 10:01:09,212 [Worker-75: Building] INFO  o.e.m.c.i.embedder.EclipseLogger - Copying 0 resource
2026-05-18 10:01:09,212 [Worker-75: Building] WARN  o.e.m.c.i.embedder.EclipseLogger - Using platform encoding (MS949 actually) to copy filtered resources, i.e. build is platform dependent!
2026-05-18 10:01:09,212 [Worker-75: Building] INFO  o.e.m.c.i.embedder.EclipseLogger - Copying 0 resource
2026-05-18 10:01:09,212 [Worker-75: Building] INFO  o.e.m.w.i.f.ResourceFilteringBuildParticipant - Changed resources require a complete clean of filtered resources of proj03
2026-05-18 10:01:09,212 [Worker-75: Building] INFO  o.e.m.w.i.f.ResourceFilteringBuildParticipant - Executing resource filtering for proj03
2026-05-18 10:01:09,212 [Worker-75: Building] WARN  o.e.m.c.i.embedder.EclipseLogger - The POM for org.apache.maven.plugins:maven-eclipse-plugin:jar:2.9 is missing, no dependency information available
2026-05-18 10:01:09,212 [Worker-75: Building] WARN  o.e.m.c.i.embedder.EclipseLogger - Failed to retrieve plugin descriptor for org.apache.maven.plugins:maven-eclipse-plugin:2.9: Plugin org.apache.maven.plugins:maven-eclipse-plugin:2.9 or one of its dependencies could not be resolved: Cannot access central (https://repo.maven.apache.org/maven2) in offline mode and the artifact org.apache.maven.plugins:maven-eclipse-plugin:jar:2.9 has not been downloaded from it before.
2026-05-18 10:01:09,212 [Worker-75: Building] WARN  o.e.m.c.i.embedder.EclipseLogger - The POM for org.codehaus.mojo:exec-maven-plugin:jar:1.2.1 is missing, no dependency information available
2026-05-18 10:01:09,212 [Worker-75: Building] WARN  o.e.m.c.i.embedder.EclipseLogger - Failed to retrieve plugin descriptor for org.codehaus.mojo:exec-maven-plugin:1.2.1: Plugin org.codehaus.mojo:exec-maven-plugin:1.2.1 or one of its dependencies could not be resolved: Cannot access central (https://repo.maven.apache.org/maven2) in offline mode and the artifact org.codehaus.mojo:exec-maven-plugin:jar:1.2.1 has not been downloaded from it before.
2026-05-18 10:01:09,212 [Worker-75: Building] WARN  o.e.m.c.i.embedder.EclipseLogger - The POM for org.apache.maven.plugins:maven-eclipse-plugin:jar:2.9 is missing, no dependency information available
2026-05-18 10:01:09,212 [Worker-75: Building] WARN  o.e.m.c.i.embedder.EclipseLogger - Failed to retrieve plugin descriptor for org.apache.maven.plugins:maven-eclipse-plugin:2.9: Plugin org.apache.maven.plugins:maven-eclipse-plugin:2.9 or one of its dependencies could not be resolved: Cannot access central (https://repo.maven.apache.org/maven2) in offline mode and the artifact org.apache.maven.plugins:maven-eclipse-plugin:jar:2.9 has not been downloaded from it before.
2026-05-18 10:01:09,212 [Worker-75: Building] WARN  o.e.m.c.i.embedder.EclipseLogger - The POM for org.codehaus.mojo:exec-maven-plugin:jar:1.2.1 is missing, no dependency information available
2026-05-18 10:01:09,212 [Worker-75: Building] WARN  o.e.m.c.i.embedder.EclipseLogger - Failed to retrieve plugin descriptor for org.codehaus.mojo:exec-maven-plugin:1.2.1: Plugin org.codehaus.mojo:exec-maven-plugin:1.2.1 or one of its dependencies could not be resolved: Cannot access central (https://repo.maven.apache.org/maven2) in offline mode and the artifact org.codehaus.mojo:exec-maven-plugin:jar:1.2.1 has not been downloaded from it before.
2026-05-18 10:01:09,212 [Worker-75: Building] WARN  o.e.m.c.i.embedder.EclipseLogger - Using platform encoding (MS949 actually) to copy filtered resources, i.e. build is platform dependent!
2026-05-18 10:01:10,884 [Worker-76: Building] WARN  o.e.m.c.i.embedder.EclipseLogger - Using platform encoding (MS949 actually) to copy filtered resources, i.e. build is platform dependent!
2026-05-18 10:01:10,884 [Worker-76: Building] INFO  o.e.m.c.i.embedder.EclipseLogger - Copying 3 resources
2026-05-18 10:01:10,900 [Worker-76: Building] WARN  o.e.m.c.i.embedder.EclipseLogger - Using platform encoding (MS949 actually) to copy filtered resources, i.e. build is platform dependent!
2026-05-18 10:01:10,900 [Worker-76: Building] INFO  o.e.m.c.i.embedder.EclipseLogger - Copying 1 resource
2026-05-18 10:01:35,294 [Worker-75: Building] WARN  o.e.m.c.i.embedder.EclipseLogger - Using platform encoding (MS949 actually) to copy filtered resources, i.e. build is platform dependent!
2026-05-18 10:01:35,294 [Worker-75: Building] INFO  o.e.m.c.i.embedder.EclipseLogger - Copying 0 resource
2026-05-18 10:01:35,294 [Worker-75: Building] WARN  o.e.m.c.i.embedder.EclipseLogger - Using platform encoding (MS949 actually) to copy filtered resources, i.e. build is platform dependent!
2026-05-18 10:01:35,294 [Worker-75: Building] INFO  o.e.m.c.i.embedder.EclipseLogger - Copying 0 resource
2026-05-18 10:01:53,168 [Worker-78: Building] WARN  o.e.m.c.i.embedder.EclipseLogger - Using platform encoding (MS949 actually) to copy filtered resources, i.e. build is platform dependent!
2026-05-18 10:01:53,168 [Worker-78: Building] INFO  o.e.m.c.i.embedder.EclipseLogger - Copying 0 resource
2026-05-18 10:01:53,168 [Worker-78: Building] WARN  o.e.m.c.i.embedder.EclipseLogger - Using platform encoding (MS949 actually) to copy filtered resources, i.e. build is platform dependent!
2026-05-18 10:01:53,168 [Worker-78: Building] INFO  o.e.m.c.i.embedder.EclipseLogger - Copying 0 resource
2026-05-18 10:02:29,858 [Worker-74: Building] WARN  o.e.m.c.i.embedder.EclipseLogger - Using platform encoding (MS949 actually) to copy filtered resources, i.e. build is platform dependent!
2026-05-18 10:02:29,858 [Worker-74: Building] INFO  o.e.m.c.i.embedder.EclipseLogger - Copying 0 resource
2026-05-18 10:02:29,858 [Worker-74: Building] WARN  o.e.m.c.i.embedder.EclipseLogger - Using platform encoding (MS949 actually) to copy filtered resources, i.e. build is platform dependent!
2026-05-18 10:02:29,858 [Worker-74: Building] INFO  o.e.m.c.i.embedder.EclipseLogger - Copying 0 resource
2026-05-18 10:03:05,320 [Worker-61: Building] WARN  o.e.m.c.i.embedder.EclipseLogger - Using platform encoding (MS949 actually) to copy filtered resources, i.e. build is platform dependent!
2026-05-18 10:03:05,320 [Worker-61: Building] INFO  o.e.m.c.i.embedder.EclipseLogger - Copying 0 resource
2026-05-18 10:03:05,320 [Worker-61: Building] WARN  o.e.m.c.i.embedder.EclipseLogger - Using platform encoding (MS949 actually) to copy filtered resources, i.e. build is platform dependent!
2026-05-18 10:03:05,320 [Worker-61: Building] INFO  o.e.m.c.i.embedder.EclipseLogger - Copying 0 resource
2026-05-18 10:03:16,917 [Worker-78: Building] WARN  o.e.m.c.i.embedder.EclipseLogger - Using platform encoding (MS949 actually) to copy filtered resources, i.e. build is platform dependent!
2026-05-18 10:03:16,917 [Worker-78: Building] INFO  o.e.m.c.i.embedder.EclipseLogger - Copying 0 resource
2026-05-18 10:03:16,917 [Worker-78: Building] WARN  o.e.m.c.i.embedder.EclipseLogger - Using platform encoding (MS949 actually) to copy filtered resources, i.e. build is platform dependent!
2026-05-18 10:03:16,917 [Worker-78: Building] INFO  o.e.m.c.i.embedder.EclipseLogger - Copying 0 resource
2026-05-18 10:03:28,651 [Worker-76: Building] WARN  o.e.m.c.i.embedder.EclipseLogger - Using platform encoding (MS949 actually) to copy filtered resources, i.e. build is platform dependent!
2026-05-18 10:03:28,651 [Worker-76: Building] INFO  o.e.m.c.i.embedder.EclipseLogger - Copying 0 resource
2026-05-18 10:03:28,651 [Worker-76: Building] WARN  o.e.m.c.i.embedder.EclipseLogger - Using platform encoding (MS949 actually) to copy filtered resources, i.e. build is platform dependent!
2026-05-18 10:03:28,651 [Worker-76: Building] INFO  o.e.m.c.i.embedder.EclipseLogger - Copying 0 resource
2026-05-18 10:04:12,103 [Worker-61: Building Workspace] WARN  o.e.m.c.i.embedder.EclipseLogger - Using platform encoding (MS949 actually) to copy filtered resources, i.e. build is platform dependent!
2026-05-18 10:04:12,103 [Worker-61: Building Workspace] INFO  o.e.m.c.i.embedder.EclipseLogger - Copying 0 resource
2026-05-18 10:04:12,103 [Worker-61: Building Workspace] WARN  o.e.m.c.i.embedder.EclipseLogger - Using platform encoding (MS949 actually) to copy filtered resources, i.e. build is platform dependent!
2026-05-18 10:04:12,103 [Worker-61: Building Workspace] INFO  o.e.m.c.i.embedder.EclipseLogger - Copying 0 resource
2026-05-18 10:05:01,287 [Worker-78: Building] WARN  o.e.m.c.i.embedder.EclipseLogger - Using platform encoding (MS949 actually) to copy filtered resources, i.e. build is platform dependent!
2026-05-18 10:05:01,287 [Worker-78: Building] INFO  o.e.m.c.i.embedder.EclipseLogger - Copying 0 resource
2026-05-18 10:05:01,287 [Worker-78: Building] WARN  o.e.m.c.i.embedder.EclipseLogger - Using platform encoding (MS949 actually) to copy filtered resources, i.e. build is platform dependent!
2026-05-18 10:05:01,287 [Worker-78: Building] INFO  o.e.m.c.i.embedder.EclipseLogger - Copying 0 resource
2026-05-18 10:05:09,273 [Worker-61: Building] WARN  o.e.m.c.i.embedder.EclipseLogger - Using platform encoding (MS949 actually) to copy filtered resources, i.e. build is platform dependent!
2026-05-18 10:05:09,273 [Worker-61: Building] INFO  o.e.m.c.i.embedder.EclipseLogger - Copying 0 resource
2026-05-18 10:05:09,273 [Worker-61: Building] WARN  o.e.m.c.i.embedder.EclipseLogger - Using platform encoding (MS949 actually) to copy filtered resources, i.e. build is platform dependent!
2026-05-18 10:05:09,288 [Worker-61: Building] INFO  o.e.m.c.i.embedder.EclipseLogger - Copying 0 resource
2026-05-18 10:05:23,037 [Worker-73: Building] WARN  o.e.m.c.i.embedder.EclipseLogger - Using platform encoding (MS949 actually) to copy filtered resources, i.e. build is platform dependent!
2026-05-18 10:05:23,053 [Worker-73: Building] INFO  o.e.m.c.i.embedder.EclipseLogger - Copying 0 resource
2026-05-18 10:05:23,053 [Worker-73: Building] WARN  o.e.m.c.i.embedder.EclipseLogger - Using platform encoding (MS949 actually) to copy filtered resources, i.e. build is platform dependent!
2026-05-18 10:05:23,053 [Worker-73: Building] INFO  o.e.m.c.i.embedder.EclipseLogger - Copying 0 resource
2026-05-18 10:05:29,053 [Worker-73: Building] WARN  o.e.m.c.i.embedder.EclipseLogger - Using platform encoding (MS949 actually) to copy filtered resources, i.e. build is platform dependent!
2026-05-18 10:05:29,068 [Worker-73: Building] INFO  o.e.m.c.i.embedder.EclipseLogger - Copying 0 resource
2026-05-18 10:05:29,068 [Worker-73: Building] WARN  o.e.m.c.i.embedder.EclipseLogger - Using platform encoding (MS949 actually) to copy filtered resources, i.e. build is platform dependent!
2026-05-18 10:05:29,068 [Worker-73: Building] INFO  o.e.m.c.i.embedder.EclipseLogger - Copying 0 resource
2026-05-18 10:05:54,383 [Worker-76: Building] WARN  o.e.m.c.i.embedder.EclipseLogger - Using platform encoding (MS949 actually) to copy filtered resources, i.e. build is platform dependent!
2026-05-18 10:05:54,383 [Worker-76: Building] INFO  o.e.m.c.i.embedder.EclipseLogger - Copying 0 resource
2026-05-18 10:05:54,383 [Worker-76: Building] WARN  o.e.m.c.i.embedder.EclipseLogger - Using platform encoding (MS949 actually) to copy filtered resources, i.e. build is platform dependent!
2026-05-18 10:05:54,383 [Worker-76: Building] INFO  o.e.m.c.i.embedder.EclipseLogger - Copying 0 resource
2026-05-18 10:06:12,146 [Worker-77: Building] WARN  o.e.m.c.i.embedder.EclipseLogger - Using platform encoding (MS949 actually) to copy filtered resources, i.e. build is platform dependent!
2026-05-18 10:06:12,146 [Worker-77: Building] INFO  o.e.m.c.i.embedder.EclipseLogger - Copying 0 resource
2026-05-18 10:06:12,146 [Worker-77: Building] WARN  o.e.m.c.i.embedder.EclipseLogger - Using platform encoding (MS949 actually) to copy filtered resources, i.e. build is platform dependent!
2026-05-18 10:06:12,146 [Worker-77: Building] INFO  o.e.m.c.i.embedder.EclipseLogger - Copying 0 resource
2026-05-18 10:06:22,770 [Worker-78: Building] WARN  o.e.m.c.i.embedder.EclipseLogger - Using platform encoding (MS949 actually) to copy filtered resources, i.e. build is platform dependent!
2026-05-18 10:06:22,770 [Worker-78: Building] INFO  o.e.m.c.i.embedder.EclipseLogger - Copying 0 resource
2026-05-18 10:06:22,770 [Worker-78: Building] WARN  o.e.m.c.i.embedder.EclipseLogger - Using platform encoding (MS949 actually) to copy filtered resources, i.e. build is platform dependent!
2026-05-18 10:06:22,770 [Worker-78: Building] INFO  o.e.m.c.i.embedder.EclipseLogger - Copying 0 resource
2026-05-18 10:07:58,228 [Worker-78: Building] WARN  o.e.m.c.i.embedder.EclipseLogger - Using platform encoding (MS949 actually) to copy filtered resources, i.e. build is platform dependent!
2026-05-18 10:07:58,228 [Worker-78: Building] INFO  o.e.m.c.i.embedder.EclipseLogger - Copying 0 resource
2026-05-18 10:07:58,228 [Worker-78: Building] WARN  o.e.m.c.i.embedder.EclipseLogger - Using platform encoding (MS949 actually) to copy filtered resources, i.e. build is platform dependent!
2026-05-18 10:07:58,228 [Worker-78: Building] INFO  o.e.m.c.i.embedder.EclipseLogger - Copying 0 resource
2026-05-18 10:08:16,672 [Worker-78: Building] WARN  o.e.m.c.i.embedder.EclipseLogger - Using platform encoding (MS949 actually) to copy filtered resources, i.e. build is platform dependent!
2026-05-18 10:08:16,672 [Worker-78: Building] INFO  o.e.m.c.i.embedder.EclipseLogger - Copying 0 resource
2026-05-18 10:08:16,672 [Worker-78: Building] WARN  o.e.m.c.i.embedder.EclipseLogger - Using platform encoding (MS949 actually) to copy filtered resources, i.e. build is platform dependent!
2026-05-18 10:08:16,672 [Worker-78: Building] INFO  o.e.m.c.i.embedder.EclipseLogger - Copying 0 resource
2026-05-18 10:08:44,920 [Worker-80: Building] WARN  o.e.m.c.i.embedder.EclipseLogger - Using platform encoding (MS949 actually) to copy filtered resources, i.e. build is platform dependent!
2026-05-18 10:08:44,920 [Worker-80: Building] INFO  o.e.m.c.i.embedder.EclipseLogger - Copying 0 resource
2026-05-18 10:08:44,920 [Worker-80: Building] WARN  o.e.m.c.i.embedder.EclipseLogger - Using platform encoding (MS949 actually) to copy filtered resources, i.e. build is platform dependent!
2026-05-18 10:08:44,920 [Worker-80: Building] INFO  o.e.m.c.i.embedder.EclipseLogger - Copying 0 resource
2026-05-18 10:08:54,591 [Worker-76: Building] WARN  o.e.m.c.i.embedder.EclipseLogger - Using platform encoding (MS949 actually) to copy filtered resources, i.e. build is platform dependent!
2026-05-18 10:08:54,591 [Worker-76: Building] INFO  o.e.m.c.i.embedder.EclipseLogger - Copying 0 resource
2026-05-18 10:08:54,607 [Worker-76: Building] WARN  o.e.m.c.i.embedder.EclipseLogger - Using platform encoding (MS949 actually) to copy filtered resources, i.e. build is platform dependent!
2026-05-18 10:08:54,607 [Worker-76: Building] INFO  o.e.m.c.i.embedder.EclipseLogger - Copying 0 resource
2026-05-18 10:08:58,560 [Worker-78: Building] WARN  o.e.m.c.i.embedder.EclipseLogger - Using platform encoding (MS949 actually) to copy filtered resources, i.e. build is platform dependent!
2026-05-18 10:08:58,560 [Worker-78: Building] INFO  o.e.m.c.i.embedder.EclipseLogger - Copying 0 resource
2026-05-18 10:08:58,560 [Worker-78: Building] WARN  o.e.m.c.i.embedder.EclipseLogger - Using platform encoding (MS949 actually) to copy filtered resources, i.e. build is platform dependent!
2026-05-18 10:08:58,560 [Worker-78: Building] INFO  o.e.m.c.i.embedder.EclipseLogger - Copying 0 resource
2026-05-18 10:09:04,872 [Worker-76: Building] WARN  o.e.m.c.i.embedder.EclipseLogger - Using platform encoding (MS949 actually) to copy filtered resources, i.e. build is platform dependent!
2026-05-18 10:09:04,872 [Worker-76: Building] INFO  o.e.m.c.i.embedder.EclipseLogger - Copying 0 resource
2026-05-18 10:09:04,872 [Worker-76: Building] WARN  o.e.m.c.i.embedder.EclipseLogger - Using platform encoding (MS949 actually) to copy filtered resources, i.e. build is platform dependent!
2026-05-18 10:09:04,872 [Worker-76: Building] INFO  o.e.m.c.i.embedder.EclipseLogger - Copying 0 resource
2026-05-18 10:09:15,169 [Worker-79: Building] WARN  o.e.m.c.i.embedder.EclipseLogger - Using platform encoding (MS949 actually) to copy filtered resources, i.e. build is platform dependent!
2026-05-18 10:09:15,169 [Worker-79: Building] INFO  o.e.m.c.i.embedder.EclipseLogger - Copying 0 resource
2026-05-18 10:09:15,169 [Worker-79: Building] WARN  o.e.m.c.i.embedder.EclipseLogger - Using platform encoding (MS949 actually) to copy filtered resources, i.e. build is platform dependent!
2026-05-18 10:09:15,169 [Worker-79: Building] INFO  o.e.m.c.i.embedder.EclipseLogger - Copying 0 resource
2026-05-18 10:09:18,576 [Worker-80: Building] WARN  o.e.m.c.i.embedder.EclipseLogger - Using platform encoding (MS949 actually) to copy filtered resources, i.e. build is platform dependent!
2026-05-18 10:09:18,576 [Worker-80: Building] INFO  o.e.m.c.i.embedder.EclipseLogger - Copying 0 resource
2026-05-18 10:09:18,576 [Worker-80: Building] WARN  o.e.m.c.i.embedder.EclipseLogger - Using platform encoding (MS949 actually) to copy filtered resources, i.e. build is platform dependent!
2026-05-18 10:09:18,576 [Worker-80: Building] INFO  o.e.m.c.i.embedder.EclipseLogger - Copying 0 resource
2026-05-18 10:09:53,981 [Worker-73: Building] WARN  o.e.m.c.i.embedder.EclipseLogger - Using platform encoding (MS949 actually) to copy filtered resources, i.e. build is platform dependent!
2026-05-18 10:09:53,997 [Worker-73: Building] INFO  o.e.m.c.i.embedder.EclipseLogger - Copying 0 resource
2026-05-18 10:09:53,997 [Worker-73: Building] WARN  o.e.m.c.i.embedder.EclipseLogger - Using platform encoding (MS949 actually) to copy filtered resources, i.e. build is platform dependent!
2026-05-18 10:09:53,997 [Worker-73: Building] INFO  o.e.m.c.i.embedder.EclipseLogger - Copying 0 resource
2026-05-18 10:11:27,767 [Worker-76: Building] WARN  o.e.m.c.i.embedder.EclipseLogger - Using platform encoding (MS949 actually) to copy filtered resources, i.e. build is platform dependent!
2026-05-18 10:11:27,767 [Worker-76: Building] INFO  o.e.m.c.i.embedder.EclipseLogger - Copying 1 resource
2026-05-18 10:11:27,767 [Worker-76: Building] WARN  o.e.m.c.i.embedder.EclipseLogger - Using platform encoding (MS949 actually) to copy filtered resources, i.e. build is platform dependent!
2026-05-18 10:11:27,767 [Worker-76: Building] INFO  o.e.m.c.i.embedder.EclipseLogger - Copying 0 resource
2026-05-18 10:12:52,634 [Worker-83: Building] WARN  o.e.m.c.i.embedder.EclipseLogger - Using platform encoding (MS949 actually) to copy filtered resources, i.e. build is platform dependent!
2026-05-18 10:12:52,634 [Worker-83: Building] INFO  o.e.m.c.i.embedder.EclipseLogger - Copying 1 resource
2026-05-18 10:12:52,634 [Worker-83: Building] WARN  o.e.m.c.i.embedder.EclipseLogger - Using platform encoding (MS949 actually) to copy filtered resources, i.e. build is platform dependent!
2026-05-18 10:12:52,649 [Worker-83: Building] INFO  o.e.m.c.i.embedder.EclipseLogger - Copying 0 resource
2026-05-18 10:13:03,545 [Worker-73: Building] WARN  o.e.m.c.i.embedder.EclipseLogger - Using platform encoding (MS949 actually) to copy filtered resources, i.e. build is platform dependent!
2026-05-18 10:13:03,545 [Worker-73: Building] INFO  o.e.m.c.i.embedder.EclipseLogger - Copying 1 resource
2026-05-18 10:13:03,561 [Worker-73: Building] WARN  o.e.m.c.i.embedder.EclipseLogger - Using platform encoding (MS949 actually) to copy filtered resources, i.e. build is platform dependent!
2026-05-18 10:13:03,561 [Worker-73: Building] INFO  o.e.m.c.i.embedder.EclipseLogger - Copying 0 resource
2026-05-18 10:14:45,244 [Worker-84: Building] WARN  o.e.m.c.i.embedder.EclipseLogger - Using platform encoding (MS949 actually) to copy filtered resources, i.e. build is platform dependent!
2026-05-18 10:14:45,244 [Worker-84: Building] INFO  o.e.m.c.i.embedder.EclipseLogger - Copying 0 resource
2026-05-18 10:14:45,244 [Worker-84: Building] WARN  o.e.m.c.i.embedder.EclipseLogger - Using platform encoding (MS949 actually) to copy filtered resources, i.e. build is platform dependent!
2026-05-18 10:14:45,244 [Worker-84: Building] INFO  o.e.m.c.i.embedder.EclipseLogger - Copying 0 resource
2026-05-18 10:15:05,993 [Worker-83: Building] WARN  o.e.m.c.i.embedder.EclipseLogger - Using platform encoding (MS949 actually) to copy filtered resources, i.e. build is platform dependent!
2026-05-18 10:15:05,993 [Worker-83: Building] INFO  o.e.m.c.i.embedder.EclipseLogger - Copying 0 resource
2026-05-18 10:15:05,993 [Worker-83: Building] WARN  o.e.m.c.i.embedder.EclipseLogger - Using platform encoding (MS949 actually) to copy filtered resources, i.e. build is platform dependent!
2026-05-18 10:15:05,993 [Worker-83: Building] INFO  o.e.m.c.i.embedder.EclipseLogger - Copying 0 resource
2026-05-18 10:16:09,551 [Worker-83: Building] WARN  o.e.m.c.i.embedder.EclipseLogger - Using platform encoding (MS949 actually) to copy filtered resources, i.e. build is platform dependent!
2026-05-18 10:16:09,551 [Worker-83: Building] INFO  o.e.m.c.i.embedder.EclipseLogger - Copying 0 resource
2026-05-18 10:16:09,551 [Worker-83: Building] WARN  o.e.m.c.i.embedder.EclipseLogger - Using platform encoding (MS949 actually) to copy filtered resources, i.e. build is platform dependent!
2026-05-18 10:16:09,551 [Worker-83: Building] INFO  o.e.m.c.i.embedder.EclipseLogger - Copying 0 resource
2026-05-18 10:23:11,803 [Worker-84: Building] WARN  o.e.m.c.i.embedder.EclipseLogger - Using platform encoding (MS949 actually) to copy filtered resources, i.e. build is platform dependent!
2026-05-18 10:23:11,803 [Worker-84: Building] INFO  o.e.m.c.i.embedder.EclipseLogger - Copying 4 resources
2026-05-18 10:23:11,803 [Worker-84: Building] WARN  o.e.m.c.i.embedder.EclipseLogger - Using platform encoding (MS949 actually) to copy filtered resources, i.e. build is platform dependent!
2026-05-18 10:23:11,803 [Worker-84: Building] INFO  o.e.m.c.i.embedder.EclipseLogger - Copying 0 resource
2026-05-18 10:23:16,452 [Worker-84: Building] WARN  o.e.m.c.i.embedder.EclipseLogger - Using platform encoding (MS949 actually) to copy filtered resources, i.e. build is platform dependent!
2026-05-18 10:23:16,452 [Worker-84: Building] INFO  o.e.m.c.i.embedder.EclipseLogger - Copying 4 resources
2026-05-18 10:23:16,452 [Worker-84: Building] WARN  o.e.m.c.i.embedder.EclipseLogger - Using platform encoding (MS949 actually) to copy filtered resources, i.e. build is platform dependent!
2026-05-18 10:23:16,452 [Worker-84: Building] INFO  o.e.m.c.i.embedder.EclipseLogger - Copying 0 resource
2026-05-18 10:23:21,024 [Worker-92: Building] WARN  o.e.m.c.i.embedder.EclipseLogger - Using platform encoding (MS949 actually) to copy filtered resources, i.e. build is platform dependent!
2026-05-18 10:23:21,024 [Worker-92: Building] INFO  o.e.m.c.i.embedder.EclipseLogger - Copying 4 resources
2026-05-18 10:23:21,024 [Worker-92: Building] WARN  o.e.m.c.i.embedder.EclipseLogger - Using platform encoding (MS949 actually) to copy filtered resources, i.e. build is platform dependent!
2026-05-18 10:23:21,024 [Worker-92: Building] INFO  o.e.m.c.i.embedder.EclipseLogger - Copying 0 resource
2026-05-18 10:23:30,375 [Worker-92: Building] WARN  o.e.m.c.i.embedder.EclipseLogger - Using platform encoding (MS949 actually) to copy filtered resources, i.e. build is platform dependent!
2026-05-18 10:23:30,375 [Worker-92: Building] INFO  o.e.m.c.i.embedder.EclipseLogger - Copying 4 resources
2026-05-18 10:23:30,375 [Worker-92: Building] WARN  o.e.m.c.i.embedder.EclipseLogger - Using platform encoding (MS949 actually) to copy filtered resources, i.e. build is platform dependent!
2026-05-18 10:23:30,375 [Worker-92: Building] INFO  o.e.m.c.i.embedder.EclipseLogger - Copying 0 resource
2026-05-18 10:23:39,004 [Worker-91: Building] WARN  o.e.m.c.i.embedder.EclipseLogger - Using platform encoding (MS949 actually) to copy filtered resources, i.e. build is platform dependent!
2026-05-18 10:23:39,004 [Worker-91: Building] INFO  o.e.m.c.i.embedder.EclipseLogger - Copying 0 resource
2026-05-18 10:23:39,020 [Worker-91: Building] WARN  o.e.m.c.i.embedder.EclipseLogger - Using platform encoding (MS949 actually) to copy filtered resources, i.e. build is platform dependent!
2026-05-18 10:23:39,020 [Worker-91: Building] INFO  o.e.m.c.i.embedder.EclipseLogger - Copying 0 resource
2026-05-18 10:26:02,704 [Worker-84: Building] WARN  o.e.m.c.i.embedder.EclipseLogger - Using platform encoding (MS949 actually) to copy filtered resources, i.e. build is platform dependent!
2026-05-18 10:26:02,704 [Worker-84: Building] INFO  o.e.m.c.i.embedder.EclipseLogger - Copying 0 resource
2026-05-18 10:26:02,704 [Worker-84: Building] WARN  o.e.m.c.i.embedder.EclipseLogger - Using platform encoding (MS949 actually) to copy filtered resources, i.e. build is platform dependent!
2026-05-18 10:26:02,704 [Worker-84: Building] INFO  o.e.m.c.i.embedder.EclipseLogger - Copying 0 resource
2026-05-18 10:28:04,509 [Worker-84: Building] WARN  o.e.m.c.i.embedder.EclipseLogger - Using platform encoding (MS949 actually) to copy filtered resources, i.e. build is platform dependent!
2026-05-18 10:28:04,509 [Worker-84: Building] INFO  o.e.m.c.i.embedder.EclipseLogger - Copying 0 resource
2026-05-18 10:28:04,509 [Worker-84: Building] WARN  o.e.m.c.i.embedder.EclipseLogger - Using platform encoding (MS949 actually) to copy filtered resources, i.e. build is platform dependent!
2026-05-18 10:28:04,509 [Worker-84: Building] INFO  o.e.m.c.i.embedder.EclipseLogger - Copying 0 resource
2026-05-18 10:32:07,851 [Worker-94: Building] WARN  o.e.m.c.i.embedder.EclipseLogger - Using platform encoding (MS949 actually) to copy filtered resources, i.e. build is platform dependent!
2026-05-18 10:32:07,851 [Worker-94: Building] INFO  o.e.m.c.i.embedder.EclipseLogger - Copying 4 resources
2026-05-18 10:32:07,851 [Worker-94: Building] WARN  o.e.m.c.i.embedder.EclipseLogger - Using platform encoding (MS949 actually) to copy filtered resources, i.e. build is platform dependent!
2026-05-18 10:32:07,851 [Worker-94: Building] INFO  o.e.m.c.i.embedder.EclipseLogger - Copying 0 resource
2026-05-18 10:32:24,178 [Worker-94: Building] WARN  o.e.m.c.i.embedder.EclipseLogger - Using platform encoding (MS949 actually) to copy filtered resources, i.e. build is platform dependent!
2026-05-18 10:32:24,178 [Worker-94: Building] INFO  o.e.m.c.i.embedder.EclipseLogger - Copying 4 resources
2026-05-18 10:32:24,178 [Worker-94: Building] WARN  o.e.m.c.i.embedder.EclipseLogger - Using platform encoding (MS949 actually) to copy filtered resources, i.e. build is platform dependent!
2026-05-18 10:32:24,178 [Worker-94: Building] INFO  o.e.m.c.i.embedder.EclipseLogger - Copying 0 resource
2026-05-18 10:32:48,458 [Worker-94: Building] WARN  o.e.m.c.i.embedder.EclipseLogger - Using platform encoding (MS949 actually) to copy filtered resources, i.e. build is platform dependent!
2026-05-18 10:32:48,458 [Worker-94: Building] INFO  o.e.m.c.i.embedder.EclipseLogger - Copying 4 resources
2026-05-18 10:32:48,474 [Worker-94: Building] WARN  o.e.m.c.i.embedder.EclipseLogger - Using platform encoding (MS949 actually) to copy filtered resources, i.e. build is platform dependent!
2026-05-18 10:32:48,474 [Worker-94: Building] INFO  o.e.m.c.i.embedder.EclipseLogger - Copying 0 resource
2026-05-18 10:33:08,463 [Worker-98: Building] WARN  o.e.m.c.i.embedder.EclipseLogger - Using platform encoding (MS949 actually) to copy filtered resources, i.e. build is platform dependent!
2026-05-18 10:33:08,463 [Worker-98: Building] INFO  o.e.m.c.i.embedder.EclipseLogger - Copying 4 resources
2026-05-18 10:33:08,463 [Worker-98: Building] WARN  o.e.m.c.i.embedder.EclipseLogger - Using platform encoding (MS949 actually) to copy filtered resources, i.e. build is platform dependent!
2026-05-18 10:33:08,463 [Worker-98: Building] INFO  o.e.m.c.i.embedder.EclipseLogger - Copying 0 resource
2026-05-18 10:33:24,384 [Worker-99: Building] WARN  o.e.m.c.i.embedder.EclipseLogger - Using platform encoding (MS949 actually) to copy filtered resources, i.e. build is platform dependent!
2026-05-18 10:33:24,384 [Worker-99: Building] INFO  o.e.m.c.i.embedder.EclipseLogger - Copying 4 resources
2026-05-18 10:33:24,384 [Worker-99: Building] WARN  o.e.m.c.i.embedder.EclipseLogger - Using platform encoding (MS949 actually) to copy filtered resources, i.e. build is platform dependent!
2026-05-18 10:33:24,384 [Worker-99: Building] INFO  o.e.m.c.i.embedder.EclipseLogger - Copying 0 resource
2026-05-18 10:33:26,181 [Worker-94: Building] WARN  o.e.m.c.i.embedder.EclipseLogger - Using platform encoding (MS949 actually) to copy filtered resources, i.e. build is platform dependent!
2026-05-18 10:33:26,181 [Worker-94: Building] INFO  o.e.m.c.i.embedder.EclipseLogger - Copying 4 resources
2026-05-18 10:33:26,181 [Worker-94: Building] WARN  o.e.m.c.i.embedder.EclipseLogger - Using platform encoding (MS949 actually) to copy filtered resources, i.e. build is platform dependent!
2026-05-18 10:33:26,181 [Worker-94: Building] INFO  o.e.m.c.i.embedder.EclipseLogger - Copying 0 resource
2026-05-18 10:35:02,027 [Worker-98: Building] WARN  o.e.m.c.i.embedder.EclipseLogger - Using platform encoding (MS949 actually) to copy filtered resources, i.e. build is platform dependent!
2026-05-18 10:35:02,027 [Worker-98: Building] INFO  o.e.m.c.i.embedder.EclipseLogger - Copying 4 resources
2026-05-18 10:35:02,043 [Worker-98: Building] WARN  o.e.m.c.i.embedder.EclipseLogger - Using platform encoding (MS949 actually) to copy filtered resources, i.e. build is platform dependent!
2026-05-18 10:35:02,043 [Worker-98: Building] INFO  o.e.m.c.i.embedder.EclipseLogger - Copying 0 resource
2026-05-18 10:35:05,839 [Worker-97: Building] WARN  o.e.m.c.i.embedder.EclipseLogger - Using platform encoding (MS949 actually) to copy filtered resources, i.e. build is platform dependent!
2026-05-18 10:35:05,839 [Worker-97: Building] INFO  o.e.m.c.i.embedder.EclipseLogger - Copying 4 resources
2026-05-18 10:35:05,839 [Worker-97: Building] WARN  o.e.m.c.i.embedder.EclipseLogger - Using platform encoding (MS949 actually) to copy filtered resources, i.e. build is platform dependent!
2026-05-18 10:35:05,839 [Worker-97: Building] INFO  o.e.m.c.i.embedder.EclipseLogger - Copying 0 resource
2026-05-18 10:35:28,104 [Worker-99: Building] WARN  o.e.m.c.i.embedder.EclipseLogger - Using platform encoding (MS949 actually) to copy filtered resources, i.e. build is platform dependent!
2026-05-18 10:35:28,104 [Worker-99: Building] INFO  o.e.m.c.i.embedder.EclipseLogger - Copying 4 resources
2026-05-18 10:35:28,104 [Worker-99: Building] WARN  o.e.m.c.i.embedder.EclipseLogger - Using platform encoding (MS949 actually) to copy filtered resources, i.e. build is platform dependent!
2026-05-18 10:35:28,104 [Worker-99: Building] INFO  o.e.m.c.i.embedder.EclipseLogger - Copying 0 resource
2026-05-18 10:37:12,878 [Worker-100: Building] WARN  o.e.m.c.i.embedder.EclipseLogger - Using platform encoding (MS949 actually) to copy filtered resources, i.e. build is platform dependent!
2026-05-18 10:37:12,893 [Worker-100: Building] INFO  o.e.m.c.i.embedder.EclipseLogger - Copying 4 resources
2026-05-18 10:37:12,893 [Worker-100: Building] WARN  o.e.m.c.i.embedder.EclipseLogger - Using platform encoding (MS949 actually) to copy filtered resources, i.e. build is platform dependent!
2026-05-18 10:37:12,893 [Worker-100: Building] INFO  o.e.m.c.i.embedder.EclipseLogger - Copying 0 resource
2026-05-18 10:37:34,189 [Worker-103: Building] WARN  o.e.m.c.i.embedder.EclipseLogger - Using platform encoding (MS949 actually) to copy filtered resources, i.e. build is platform dependent!
2026-05-18 10:37:34,189 [Worker-103: Building] INFO  o.e.m.c.i.embedder.EclipseLogger - Copying 4 resources
2026-05-18 10:37:34,205 [Worker-103: Building] WARN  o.e.m.c.i.embedder.EclipseLogger - Using platform encoding (MS949 actually) to copy filtered resources, i.e. build is platform dependent!
2026-05-18 10:37:34,205 [Worker-103: Building] INFO  o.e.m.c.i.embedder.EclipseLogger - Copying 0 resource
2026-05-18 10:38:29,857 [Worker-100: Building] WARN  o.e.m.c.i.embedder.EclipseLogger - Using platform encoding (MS949 actually) to copy filtered resources, i.e. build is platform dependent!
2026-05-18 10:38:29,857 [Worker-100: Building] INFO  o.e.m.c.i.embedder.EclipseLogger - Copying 4 resources
2026-05-18 10:38:29,857 [Worker-100: Building] WARN  o.e.m.c.i.embedder.EclipseLogger - Using platform encoding (MS949 actually) to copy filtered resources, i.e. build is platform dependent!
2026-05-18 10:38:29,857 [Worker-100: Building] INFO  o.e.m.c.i.embedder.EclipseLogger - Copying 0 resource
2026-05-18 10:38:43,559 [Worker-100: Building] WARN  o.e.m.c.i.embedder.EclipseLogger - Using platform encoding (MS949 actually) to copy filtered resources, i.e. build is platform dependent!
2026-05-18 10:38:43,559 [Worker-100: Building] INFO  o.e.m.c.i.embedder.EclipseLogger - Copying 4 resources
2026-05-18 10:38:43,559 [Worker-100: Building] WARN  o.e.m.c.i.embedder.EclipseLogger - Using platform encoding (MS949 actually) to copy filtered resources, i.e. build is platform dependent!
2026-05-18 10:38:43,559 [Worker-100: Building] INFO  o.e.m.c.i.embedder.EclipseLogger - Copying 0 resource
2026-05-18 10:38:51,715 [Worker-100: Building] WARN  o.e.m.c.i.embedder.EclipseLogger - Using platform encoding (MS949 actually) to copy filtered resources, i.e. build is platform dependent!
2026-05-18 10:38:51,715 [Worker-100: Building] INFO  o.e.m.c.i.embedder.EclipseLogger - Copying 4 resources
2026-05-18 10:38:51,715 [Worker-100: Building] WARN  o.e.m.c.i.embedder.EclipseLogger - Using platform encoding (MS949 actually) to copy filtered resources, i.e. build is platform dependent!
2026-05-18 10:38:51,715 [Worker-100: Building] INFO  o.e.m.c.i.embedder.EclipseLogger - Copying 0 resource
2026-05-18 10:38:53,058 [Worker-97: Building] WARN  o.e.m.c.i.embedder.EclipseLogger - Using platform encoding (MS949 actually) to copy filtered resources, i.e. build is platform dependent!
2026-05-18 10:38:53,058 [Worker-97: Building] INFO  o.e.m.c.i.embedder.EclipseLogger - Copying 4 resources
2026-05-18 10:38:53,058 [Worker-97: Building] WARN  o.e.m.c.i.embedder.EclipseLogger - Using platform encoding (MS949 actually) to copy filtered resources, i.e. build is platform dependent!
2026-05-18 10:38:53,058 [Worker-97: Building] INFO  o.e.m.c.i.embedder.EclipseLogger - Copying 0 resource
2026-05-18 10:39:10,323 [Worker-108: Building] WARN  o.e.m.c.i.embedder.EclipseLogger - Using platform encoding (MS949 actually) to copy filtered resources, i.e. build is platform dependent!
2026-05-18 10:39:10,323 [Worker-108: Building] INFO  o.e.m.c.i.embedder.EclipseLogger - Copying 4 resources
2026-05-18 10:39:10,338 [Worker-108: Building] WARN  o.e.m.c.i.embedder.EclipseLogger - Using platform encoding (MS949 actually) to copy filtered resources, i.e. build is platform dependent!
2026-05-18 10:39:10,338 [Worker-108: Building] INFO  o.e.m.c.i.embedder.EclipseLogger - Copying 0 resource
2026-05-18 10:39:16,994 [Worker-103: Building] WARN  o.e.m.c.i.embedder.EclipseLogger - Using platform encoding (MS949 actually) to copy filtered resources, i.e. build is platform dependent!
2026-05-18 10:39:16,994 [Worker-103: Building] INFO  o.e.m.c.i.embedder.EclipseLogger - Copying 4 resources
2026-05-18 10:39:16,994 [Worker-103: Building] WARN  o.e.m.c.i.embedder.EclipseLogger - Using platform encoding (MS949 actually) to copy filtered resources, i.e. build is platform dependent!
2026-05-18 10:39:16,994 [Worker-103: Building] INFO  o.e.m.c.i.embedder.EclipseLogger - Copying 0 resource
2026-05-18 10:39:50,926 [Worker-105: Building] WARN  o.e.m.c.i.embedder.EclipseLogger - Using platform encoding (MS949 actually) to copy filtered resources, i.e. build is platform dependent!
2026-05-18 10:39:50,941 [Worker-105: Building] INFO  o.e.m.c.i.embedder.EclipseLogger - Copying 4 resources
2026-05-18 10:39:50,941 [Worker-105: Building] WARN  o.e.m.c.i.embedder.EclipseLogger - Using platform encoding (MS949 actually) to copy filtered resources, i.e. build is platform dependent!
2026-05-18 10:39:50,941 [Worker-105: Building] INFO  o.e.m.c.i.embedder.EclipseLogger - Copying 0 resource
2026-05-18 10:39:59,753 [Worker-105: Building] WARN  o.e.m.c.i.embedder.EclipseLogger - Using platform encoding (MS949 actually) to copy filtered resources, i.e. build is platform dependent!
2026-05-18 10:39:59,753 [Worker-105: Building] INFO  o.e.m.c.i.embedder.EclipseLogger - Copying 4 resources
2026-05-18 10:39:59,753 [Worker-105: Building] WARN  o.e.m.c.i.embedder.EclipseLogger - Using platform encoding (MS949 actually) to copy filtered resources, i.e. build is platform dependent!
2026-05-18 10:39:59,753 [Worker-105: Building] INFO  o.e.m.c.i.embedder.EclipseLogger - Copying 0 resource
2026-05-18 10:40:02,503 [Worker-105: Building] WARN  o.e.m.c.i.embedder.EclipseLogger - Using platform encoding (MS949 actually) to copy filtered resources, i.e. build is platform dependent!
2026-05-18 10:40:02,503 [Worker-105: Building] INFO  o.e.m.c.i.embedder.EclipseLogger - Copying 4 resources
2026-05-18 10:40:02,503 [Worker-105: Building] WARN  o.e.m.c.i.embedder.EclipseLogger - Using platform encoding (MS949 actually) to copy filtered resources, i.e. build is platform dependent!
2026-05-18 10:40:02,503 [Worker-105: Building] INFO  o.e.m.c.i.embedder.EclipseLogger - Copying 0 resource
2026-05-18 10:40:20,377 [Worker-97: Building] WARN  o.e.m.c.i.embedder.EclipseLogger - Using platform encoding (MS949 actually) to copy filtered resources, i.e. build is platform dependent!
2026-05-18 10:40:20,377 [Worker-97: Building] INFO  o.e.m.c.i.embedder.EclipseLogger - Copying 4 resources
2026-05-18 10:40:20,377 [Worker-97: Building] WARN  o.e.m.c.i.embedder.EclipseLogger - Using platform encoding (MS949 actually) to copy filtered resources, i.e. build is platform dependent!
2026-05-18 10:40:20,377 [Worker-97: Building] INFO  o.e.m.c.i.embedder.EclipseLogger - Copying 0 resource
2026-05-18 10:41:00,686 [Worker-103: Building] WARN  o.e.m.c.i.embedder.EclipseLogger - Using platform encoding (MS949 actually) to copy filtered resources, i.e. build is platform dependent!
2026-05-18 10:41:00,686 [Worker-103: Building] INFO  o.e.m.c.i.embedder.EclipseLogger - Copying 4 resources
2026-05-18 10:41:00,686 [Worker-103: Building] WARN  o.e.m.c.i.embedder.EclipseLogger - Using platform encoding (MS949 actually) to copy filtered resources, i.e. build is platform dependent!
2026-05-18 10:41:00,686 [Worker-103: Building] INFO  o.e.m.c.i.embedder.EclipseLogger - Copying 0 resource
2026-05-18 10:41:17,989 [Worker-97: Building] WARN  o.e.m.c.i.embedder.EclipseLogger - Using platform encoding (MS949 actually) to copy filtered resources, i.e. build is platform dependent!
2026-05-18 10:41:17,989 [Worker-97: Building] INFO  o.e.m.c.i.embedder.EclipseLogger - Copying 4 resources
2026-05-18 10:41:17,989 [Worker-97: Building] WARN  o.e.m.c.i.embedder.EclipseLogger - Using platform encoding (MS949 actually) to copy filtered resources, i.e. build is platform dependent!
2026-05-18 10:41:17,989 [Worker-97: Building] INFO  o.e.m.c.i.embedder.EclipseLogger - Copying 0 resource
2026-05-18 10:41:46,393 [Worker-103: Building] WARN  o.e.m.c.i.embedder.EclipseLogger - Using platform encoding (MS949 actually) to copy filtered resources, i.e. build is platform dependent!
2026-05-18 10:41:46,393 [Worker-103: Building] INFO  o.e.m.c.i.embedder.EclipseLogger - Copying 4 resources
2026-05-18 10:41:46,393 [Worker-103: Building] WARN  o.e.m.c.i.embedder.EclipseLogger - Using platform encoding (MS949 actually) to copy filtered resources, i.e. build is platform dependent!
2026-05-18 10:41:46,393 [Worker-103: Building] INFO  o.e.m.c.i.embedder.EclipseLogger - Copying 0 resource
2026-05-18 10:42:41,904 [Worker-103: Building] WARN  o.e.m.c.i.embedder.EclipseLogger - Using platform encoding (MS949 actually) to copy filtered resources, i.e. build is platform dependent!
2026-05-18 10:42:41,904 [Worker-103: Building] INFO  o.e.m.c.i.embedder.EclipseLogger - Copying 4 resources
2026-05-18 10:42:41,904 [Worker-103: Building] WARN  o.e.m.c.i.embedder.EclipseLogger - Using platform encoding (MS949 actually) to copy filtered resources, i.e. build is platform dependent!
2026-05-18 10:42:41,904 [Worker-103: Building] INFO  o.e.m.c.i.embedder.EclipseLogger - Copying 0 resource
2026-05-18 10:42:44,967 [Worker-104: Building] WARN  o.e.m.c.i.embedder.EclipseLogger - Using platform encoding (MS949 actually) to copy filtered resources, i.e. build is platform dependent!
2026-05-18 10:42:44,967 [Worker-104: Building] INFO  o.e.m.c.i.embedder.EclipseLogger - Copying 4 resources
2026-05-18 10:42:44,967 [Worker-104: Building] WARN  o.e.m.c.i.embedder.EclipseLogger - Using platform encoding (MS949 actually) to copy filtered resources, i.e. build is platform dependent!
2026-05-18 10:42:44,967 [Worker-104: Building] INFO  o.e.m.c.i.embedder.EclipseLogger - Copying 0 resource
2026-05-18 10:43:27,407 [Worker-109: Building] WARN  o.e.m.c.i.embedder.EclipseLogger - Using platform encoding (MS949 actually) to copy filtered resources, i.e. build is platform dependent!
2026-05-18 10:43:27,407 [Worker-109: Building] INFO  o.e.m.c.i.embedder.EclipseLogger - Copying 4 resources
2026-05-18 10:43:27,407 [Worker-109: Building] WARN  o.e.m.c.i.embedder.EclipseLogger - Using platform encoding (MS949 actually) to copy filtered resources, i.e. build is platform dependent!
2026-05-18 10:43:27,407 [Worker-109: Building] INFO  o.e.m.c.i.embedder.EclipseLogger - Copying 0 resource
2026-05-18 10:43:50,077 [Worker-97: Building] WARN  o.e.m.c.i.embedder.EclipseLogger - Using platform encoding (MS949 actually) to copy filtered resources, i.e. build is platform dependent!
2026-05-18 10:43:50,077 [Worker-97: Building] INFO  o.e.m.c.i.embedder.EclipseLogger - Copying 4 resources
2026-05-18 10:43:50,077 [Worker-97: Building] WARN  o.e.m.c.i.embedder.EclipseLogger - Using platform encoding (MS949 actually) to copy filtered resources, i.e. build is platform dependent!
2026-05-18 10:43:50,092 [Worker-97: Building] INFO  o.e.m.c.i.embedder.EclipseLogger - Copying 0 resource
2026-05-18 11:22:14,843 [Worker-116: Building] WARN  o.e.m.c.i.embedder.EclipseLogger - Using platform encoding (MS949 actually) to copy filtered resources, i.e. build is platform dependent!
2026-05-18 11:22:14,844 [Worker-116: Building] INFO  o.e.m.c.i.embedder.EclipseLogger - Copying 4 resources
2026-05-18 11:22:14,854 [Worker-116: Building] WARN  o.e.m.c.i.embedder.EclipseLogger - Using platform encoding (MS949 actually) to copy filtered resources, i.e. build is platform dependent!
2026-05-18 11:22:14,855 [Worker-116: Building] INFO  o.e.m.c.i.embedder.EclipseLogger - Copying 1 resource
2026-05-18 11:34:16,776 [Worker-115: Building] WARN  o.e.m.c.i.embedder.EclipseLogger - Using platform encoding (MS949 actually) to copy filtered resources, i.e. build is platform dependent!
2026-05-18 11:34:16,777 [Worker-115: Building] INFO  o.e.m.c.i.embedder.EclipseLogger - skip non existing resourceDirectory D:\proj3\proj03\src\main\resources
2026-05-18 11:34:16,778 [Worker-115: Building] WARN  o.e.m.c.i.embedder.EclipseLogger - Using platform encoding (MS949 actually) to copy filtered resources, i.e. build is platform dependent!
2026-05-18 11:34:16,779 [Worker-115: Building] INFO  o.e.m.c.i.embedder.EclipseLogger - skip non existing resourceDirectory D:\proj3\proj03\src\test\resources
2026-05-18 11:34:26,336 [Worker-122: Building] INFO  o.e.m.c.i.l.LifecycleMappingFactory - Using org.maven.ide.eclipse.wtp.WarLifecycleMapping lifecycle mapping for MavenProject: kr.or:proj3:1.0.0-BUILD-SNAPSHOT @ D:\proj3\proj03\pom.xml.
2026-05-18 11:34:27,669 [Worker-122: Building] WARN  o.e.m.c.i.embedder.EclipseLogger - Failed to retrieve plugin descriptor for org.apache.maven.plugins:maven-eclipse-plugin:2.9: Plugin org.apache.maven.plugins:maven-eclipse-plugin:2.9 or one of its dependencies could not be resolved: Failed to read artifact descriptor for org.apache.maven.plugins:maven-eclipse-plugin:jar:2.9
2026-05-18 11:34:27,680 [Worker-122: Building] WARN  o.e.m.c.i.embedder.EclipseLogger - Failed to retrieve plugin descriptor for org.codehaus.mojo:exec-maven-plugin:1.2.1: Plugin org.codehaus.mojo:exec-maven-plugin:1.2.1 or one of its dependencies could not be resolved: Failed to read artifact descriptor for org.codehaus.mojo:exec-maven-plugin:jar:1.2.1
2026-05-18 11:34:27,681 [Worker-122: Building] WARN  o.e.m.c.i.embedder.EclipseLogger - Failed to retrieve plugin descriptor for org.apache.maven.plugins:maven-eclipse-plugin:2.9: Plugin org.apache.maven.plugins:maven-eclipse-plugin:2.9 or one of its dependencies could not be resolved: Failed to read artifact descriptor for org.apache.maven.plugins:maven-eclipse-plugin:jar:2.9
2026-05-18 11:34:27,682 [Worker-122: Building] WARN  o.e.m.c.i.embedder.EclipseLogger - Failed to retrieve plugin descriptor for org.codehaus.mojo:exec-maven-plugin:1.2.1: Plugin org.codehaus.mojo:exec-maven-plugin:1.2.1 or one of its dependencies could not be resolved: Failed to read artifact descriptor for org.codehaus.mojo:exec-maven-plugin:jar:1.2.1
2026-05-18 11:34:29,503 [Worker-122: Building] WARN  o.e.m.c.i.embedder.EclipseLogger - Using platform encoding (MS949 actually) to copy filtered resources, i.e. build is platform dependent!
2026-05-18 11:34:29,504 [Worker-122: Building] INFO  o.e.m.c.i.embedder.EclipseLogger - skip non existing resourceDirectory D:\proj3\proj03\src\main\resources
2026-05-18 11:34:29,505 [Worker-122: Building] WARN  o.e.m.c.i.embedder.EclipseLogger - Using platform encoding (MS949 actually) to copy filtered resources, i.e. build is platform dependent!
2026-05-18 11:34:29,506 [Worker-122: Building] INFO  o.e.m.c.i.embedder.EclipseLogger - skip non existing resourceDirectory D:\proj3\proj03\src\test\resources
2026-05-18 11:34:29,506 [Worker-122: Building] INFO  o.e.m.w.i.f.ResourceFilteringBuildParticipant - Changed resources require a complete clean of filtered resources of proj03
2026-05-18 11:34:29,506 [Worker-122: Building] INFO  o.e.m.w.i.f.ResourceFilteringBuildParticipant - Executing resource filtering for proj03
2026-05-18 11:34:29,507 [Worker-122: Building] WARN  o.e.m.c.i.embedder.EclipseLogger - The POM for org.apache.maven.plugins:maven-eclipse-plugin:jar:2.9 is missing, no dependency information available
2026-05-18 11:34:29,508 [Worker-122: Building] WARN  o.e.m.c.i.embedder.EclipseLogger - Failed to retrieve plugin descriptor for org.apache.maven.plugins:maven-eclipse-plugin:2.9: Plugin org.apache.maven.plugins:maven-eclipse-plugin:2.9 or one of its dependencies could not be resolved: Cannot access central (https://repo.maven.apache.org/maven2) in offline mode and the artifact org.apache.maven.plugins:maven-eclipse-plugin:jar:2.9 has not been downloaded from it before.
2026-05-18 11:34:29,508 [Worker-122: Building] WARN  o.e.m.c.i.embedder.EclipseLogger - The POM for org.codehaus.mojo:exec-maven-plugin:jar:1.2.1 is missing, no dependency information available
2026-05-18 11:34:29,509 [Worker-122: Building] WARN  o.e.m.c.i.embedder.EclipseLogger - Failed to retrieve plugin descriptor for org.codehaus.mojo:exec-maven-plugin:1.2.1: Plugin org.codehaus.mojo:exec-maven-plugin:1.2.1 or one of its dependencies could not be resolved: Cannot access central (https://repo.maven.apache.org/maven2) in offline mode and the artifact org.codehaus.mojo:exec-maven-plugin:jar:1.2.1 has not been downloaded from it before.
2026-05-18 11:34:29,509 [Worker-122: Building] WARN  o.e.m.c.i.embedder.EclipseLogger - The POM for org.apache.maven.plugins:maven-eclipse-plugin:jar:2.9 is missing, no dependency information available
2026-05-18 11:34:29,510 [Worker-122: Building] WARN  o.e.m.c.i.embedder.EclipseLogger - Failed to retrieve plugin descriptor for org.apache.maven.plugins:maven-eclipse-plugin:2.9: Plugin org.apache.maven.plugins:maven-eclipse-plugin:2.9 or one of its dependencies could not be resolved: Cannot access central (https://repo.maven.apache.org/maven2) in offline mode and the artifact org.apache.maven.plugins:maven-eclipse-plugin:jar:2.9 has not been downloaded from it before.
2026-05-18 11:34:29,510 [Worker-122: Building] WARN  o.e.m.c.i.embedder.EclipseLogger - The POM for org.codehaus.mojo:exec-maven-plugin:jar:1.2.1 is missing, no dependency information available
2026-05-18 11:34:29,510 [Worker-122: Building] WARN  o.e.m.c.i.embedder.EclipseLogger - Failed to retrieve plugin descriptor for org.codehaus.mojo:exec-maven-plugin:1.2.1: Plugin org.codehaus.mojo:exec-maven-plugin:1.2.1 or one of its dependencies could not be resolved: Cannot access central (https://repo.maven.apache.org/maven2) in offline mode and the artifact org.codehaus.mojo:exec-maven-plugin:jar:1.2.1 has not been downloaded from it before.
2026-05-18 11:34:29,512 [Worker-122: Building] WARN  o.e.m.c.i.embedder.EclipseLogger - Using platform encoding (MS949 actually) to copy filtered resources, i.e. build is platform dependent!
2026-05-18 11:34:30,699 [Worker-122: Building] WARN  o.e.m.c.i.embedder.EclipseLogger - Using platform encoding (MS949 actually) to copy filtered resources, i.e. build is platform dependent!
2026-05-18 11:34:30,700 [Worker-122: Building] INFO  o.e.m.c.i.embedder.EclipseLogger - skip non existing resourceDirectory D:\proj3\proj03\src\main\resources
2026-05-18 11:34:30,700 [Worker-122: Building] WARN  o.e.m.c.i.embedder.EclipseLogger - Using platform encoding (MS949 actually) to copy filtered resources, i.e. build is platform dependent!
2026-05-18 11:34:30,701 [Worker-122: Building] INFO  o.e.m.c.i.embedder.EclipseLogger - skip non existing resourceDirectory D:\proj3\proj03\src\test\resources
